Track_Artists,duration_ms,id,Track_Name,Album_ID,total_tracks,Album_Name,release_date,Album_Artists,Producer,Producer_ID,_merge
"[{'external_urls': {'spotify': 'https://open.spotify.com/artist/09UmIX92EUH9hAK4bxvHx6'}, 'href': 'https://api.spotify.com/v1/artists/09UmIX92EUH9hAK4bxvHx6', 'id': '09UmIX92EUH9hAK4bxvHx6', 'name': 'Mithoon', 'type': 'artist', 'uri': 'spotify:artist:09UmIX92EUH9hAK4bxvHx6'}, {'external_urls': {'spotify': 'https://open.spotify.com/artist/4YRxDV8wJFPHPTeXepOstw'}, 'href': 'https://api.spotify.com/v1/artists/4YRxDV8wJFPHPTeXepOstw', 'id': '4YRxDV8wJFPHPTeXepOstw', 'name': 'Arijit Singh', 'type': 'artist', 'uri': 'spotify:artist:4YRxDV8wJFPHPTeXepOstw'}]",261974,56zZ48jdyY2oDXHVnwg5Di,Tum Hi Ho,0Rkv5iqjF2uenfL0OVB8hg,12,Aashiqui 2,2013-04-06,"[{'external_urls': {'spotify': 'https://open.spotify.com/artist/09UmIX92EUH9hAK4bxvHx6'}, 'href': 'https://api.spotify.com/v1/artists/09UmIX92EUH9hAK4bxvHx6', 'id': '09UmIX92EUH9hAK4bxvHx6', 'name': 'Mithoon', 'type': 'artist', 'uri': 'spotify:artist:09UmIX92EUH9hAK4bxvHx6'}, {'external_urls': {'spotify': 'https://open.spotify.com/artist/0E02VcvA5p1ndkLdqWD5JB'}, 'href': 'https://api.spotify.com/v1/artists/0E02VcvA5p1ndkLdqWD5JB', 'id': '0E02VcvA5p1ndkLdqWD5JB', 'name': 'Ankit Tiwari', 'type': 'artist', 'uri': 'spotify:artist:0E02VcvA5p1ndkLdqWD5JB'}, {'external_urls': {'spotify': 'https://open.spotify.com/artist/2kkQthS9OLpK4UqNWYqoVl'}, 'href': 'https://api.spotify.com/v1/artists/2kkQthS9OLpK4UqNWYqoVl', 'id': '2kkQthS9OLpK4UqNWYqoVl', 'name': 'Jeet Gannguli', 'type': 'artist', 'uri': 'spotify:artist:2kkQthS9OLpK4UqNWYqoVl'}]",Mithoon,09UmIX92EUH9hAK4bxvHx6,both
"[{'external_urls': {'spotify': 'https://open.spotify.com/artist/3yMmYEklQ7gLOZXEFNd3xr'}, 'href': 'https://api.spotify.com/v1/artists/3yMmYEklQ7gLOZXEFNd3xr', 'id': '3yMmYEklQ7gLOZXEFNd3xr', 'name': 'Palak Muchhal', 'type': 'artist', 'uri': 'spotify:artist:3yMmYEklQ7gLOZXEFNd3xr'}, {'external_urls': {'spotify': 'https://open.spotify.com/artist/4YRxDV8wJFPHPTeXepOstw'}, 'href': 'https://api.spotify.com/v1/artists/4YRxDV8wJFPHPTeXepOstw', 'id': '4YRxDV8wJFPHPTeXepOstw', 'name': 'Arijit Singh', 'type': 'artist', 'uri': 'spotify:artist:4YRxDV8wJFPHPTeXepOstw'}]",304899,6UgcN95w7vQxkR8sEFmwHG,Chahun Main Ya Naa,0Rkv5iqjF2uenfL0OVB8hg,12,Aashiqui 2,2013-04-06,"[{'external_urls': {'spotify': 'https://open.spotify.com/artist/09UmIX92EUH9hAK4bxvHx6'}, 'href': 'https://api.spotify.com/v1/artists/09UmIX92EUH9hAK4bxvHx6', 'id': '09UmIX92EUH9hAK4bxvHx6', 'name': 'Mithoon', 'type': 'artist', 'uri': 'spotify:artist:09UmIX92EUH9hAK4bxvHx6'}, {'external_urls': {'spotify': 'https://open.spotify.com/artist/0E02VcvA5p1ndkLdqWD5JB'}, 'href': 'https://api.spotify.com/v1/artists/0E02VcvA5p1ndkLdqWD5JB', 'id': '0E02VcvA5p1ndkLdqWD5JB', 'name': 'Ankit Tiwari', 'type': 'artist', 'uri': 'spotify:artist:0E02VcvA5p1ndkLdqWD5JB'}, {'external_urls': {'spotify': 'https://open.spotify.com/artist/2kkQthS9OLpK4UqNWYqoVl'}, 'href': 'https://api.spotify.com/v1/artists/2kkQthS9OLpK4UqNWYqoVl', 'id': '2kkQthS9OLpK4UqNWYqoVl', 'name': 'Jeet Gannguli', 'type': 'artist', 'uri': 'spotify:artist:2kkQthS9OLpK4UqNWYqoVl'}]",Mithoon,09UmIX92EUH9hAK4bxvHx6,both
"[{'external_urls': {'spotify': 'https://open.spotify.com/artist/0T1CMVkqffHlqEk4BcAph1'}, 'href': 'https://api.spotify.com/v1/artists/0T1CMVkqffHlqEk4BcAph1', 'id': '0T1CMVkqffHlqEk4BcAph1', 'name': 'Tulsi Kumar', 'type': 'artist', 'uri': 'spotify:artist:0T1CMVkqffHlqEk4BcAph1'}, {'external_urls': {'spotify': 'https://open.spotify.com/artist/4YRxDV8wJFPHPTeXepOstw'}, 'href': 'https://api.spotify.com/v1/artists/4YRxDV8wJFPHPTeXepOstw', 'id': '4YRxDV8wJFPHPTeXepOstw', 'name': 'Arijit Singh', 'type': 'artist', 'uri': 'spotify:artist:4YRxDV8wJFPHPTeXepOstw'}]",306511,55eUtE9v3uatR0y0NijM6N,Hum Mar Jayenge,0Rkv5iqjF2uenfL0OVB8hg,12,Aashiqui 2,2013-04-06,"[{'external_urls': {'spotify': 'https://open.spotify.com/artist/09UmIX92EUH9hAK4bxvHx6'}, 'href': 'https://api.spotify.com/v1/artists/09UmIX92EUH9hAK4bxvHx6', 'id': '09UmIX92EUH9hAK4bxvHx6', 'name': 'Mithoon', 'type': 'artist', 'uri': 'spotify:artist:09UmIX92EUH9hAK4bxvHx6'}, {'external_urls': {'spotify': 'https://open.spotify.com/artist/0E02VcvA5p1ndkLdqWD5JB'}, 'href': 'https://api.spotify.com/v1/artists/0E02VcvA5p1ndkLdqWD5JB', 'id': '0E02VcvA5p1ndkLdqWD5JB', 'name': 'Ankit Tiwari', 'type': 'artist', 'uri': 'spotify:artist:0E02VcvA5p1ndkLdqWD5JB'}, {'external_urls': {'spotify': 'https://open.spotify.com/artist/2kkQthS9OLpK4UqNWYqoVl'}, 'href': 'https://api.spotify.com/v1/artists/2kkQthS9OLpK4UqNWYqoVl', 'id': '2kkQthS9OLpK4UqNWYqoVl', 'name': 'Jeet Gannguli', 'type': 'artist', 'uri': 'spotify:artist:2kkQthS9OLpK4UqNWYqoVl'}]",Mithoon,09UmIX92EUH9hAK4bxvHx6,both
"[{'external_urls': {'spotify': 'https://open.spotify.com/artist/3yMmYEklQ7gLOZXEFNd3xr'}, 'href': 'https://api.spotify.com/v1/artists/3yMmYEklQ7gLOZXEFNd3xr', 'id': '3yMmYEklQ7gLOZXEFNd3xr', 'name': 'Palak Muchhal', 'type': 'artist', 'uri': 'spotify:artist:3yMmYEklQ7gLOZXEFNd3xr'}, {'external_urls': {'spotify': 'https://open.spotify.com/artist/4YRxDV8wJFPHPTeXepOstw'}, 'href': 'https://api.spotify.com/v1/artists/4YRxDV8wJFPHPTeXepOstw', 'id': '4YRxDV8wJFPHPTeXepOstw', 'name': 'Arijit Singh', 'type': 'artist', 'uri': 'spotify:artist:4YRxDV8wJFPHPTeXepOstw'}]",266069,3E9ryvrKP3hUWX79PAakH2,Meri Aashiqui,0Rkv5iqjF2uenfL0OVB8hg,12,Aashiqui 2,2013-04-06,"[{'external_urls': {'spotify': 'https://open.spotify.com/artist/09UmIX92EUH9hAK4bxvHx6'}, 'href': 'https://api.spotify.com/v1/artists/09UmIX92EUH9hAK4bxvHx6', 'id': '09UmIX92EUH9hAK4bxvHx6', 'name': 'Mithoon', 'type': 'artist', 'uri': 'spotify:artist:09UmIX92EUH9hAK4bxvHx6'}, {'external_urls': {'spotify': 'https://open.spotify.com/artist/0E02VcvA5p1ndkLdqWD5JB'}, 'href': 'https://api.spotify.com/v1/artists/0E02VcvA5p1ndkLdqWD5JB', 'id': '0E02VcvA5p1ndkLdqWD5JB', 'name': 'Ankit Tiwari', 'type': 'artist', 'uri': 'spotify:artist:0E02VcvA5p1ndkLdqWD5JB'}, {'external_urls': {'spotify': 'https://open.spotify.com/artist/2kkQthS9OLpK4UqNWYqoVl'}, 'href': 'https://api.spotify.com/v1/artists/2kkQthS9OLpK4UqNWYqoVl', 'id': '2kkQthS9OLpK4UqNWYqoVl', 'name': 'Jeet Gannguli', 'type': 'artist', 'uri': 'spotify:artist:2kkQthS9OLpK4UqNWYqoVl'}]",Mithoon,09UmIX92EUH9hAK4bxvHx6,both
"[{'external_urls': {'spotify': 'https://open.spotify.com/artist/4YRxDV8wJFPHPTeXepOstw'}, 'href': 'https://api.spotify.com/v1/artists/4YRxDV8wJFPHPTeXepOstw', 'id': '4YRxDV8wJFPHPTeXepOstw', 'name': 'Arijit Singh', 'type': 'artist', 'uri': 'spotify:artist:4YRxDV8wJFPHPTeXepOstw'}]",214470,06zJUeKU5KFy50Cho6pDcr,Aasan Nahin Yahan,0Rkv5iqjF2uenfL0OVB8hg,12,Aashiqui 2,2013-04-06,"[{'external_urls': {'spotify': 'https://open.spotify.com/artist/09UmIX92EUH9hAK4bxvHx6'}, 'href': 'https://api.spotify.com/v1/artists/09UmIX92EUH9hAK4bxvHx6', 'id': '09UmIX92EUH9hAK4bxvHx6', 'name': 'Mithoon', 'type': 'artist', 'uri': 'spotify:artist:09UmIX92EUH9hAK4bxvHx6'}, {'external_urls': {'spotify': 'https://open.spotify.com/artist/0E02VcvA5p1ndkLdqWD5JB'}, 'href': 'https://api.spotify.com/v1/artists/0E02VcvA5p1ndkLdqWD5JB', 'id': '0E02VcvA5p1ndkLdqWD5JB', 'name': 'Ankit Tiwari', 'type': 'artist', 'uri': 'spotify:artist:0E02VcvA5p1ndkLdqWD5JB'}, {'external_urls': {'spotify': 'https://open.spotify.com/artist/2kkQthS9OLpK4UqNWYqoVl'}, 'href': 'https://api.spotify.com/v1/artists/2kkQthS9OLpK4UqNWYqoVl', 'id': '2kkQthS9OLpK4UqNWYqoVl', 'name': 'Jeet Gannguli', 'type': 'artist', 'uri': 'spotify:artist:2kkQthS9OLpK4UqNWYqoVl'}]",Mithoon,09UmIX92EUH9hAK4bxvHx6,both
"[{'external_urls': {'spotify': 'https://open.spotify.com/artist/4YRxDV8wJFPHPTeXepOstw'}, 'href': 'https://api.spotify.com/v1/artists/4YRxDV8wJFPHPTeXepOstw', 'id': '4YRxDV8wJFPHPTeXepOstw', 'name': 'Arijit Singh', 'type': 'artist', 'uri': 'spotify:artist:4YRxDV8wJFPHPTeXepOstw'}]",295798,2iGnFW7m517taq3AJIE6DK,Milne Hai Mujhse Aayi,0Rkv5iqjF2uenfL0OVB8hg,12,Aashiqui 2,2013-04-06,"[{'external_urls': {'spotify': 'https://open.spotify.com/artist/09UmIX92EUH9hAK4bxvHx6'}, 'href': 'https://api.spotify.com/v1/artists/09UmIX92EUH9hAK4bxvHx6', 'id': '09UmIX92EUH9hAK4bxvHx6', 'name': 'Mithoon', 'type': 'artist', 'uri': 'spotify:artist:09UmIX92EUH9hAK4bxvHx6'}, {'external_urls': {'spotify': 'https://open.spotify.com/artist/0E02VcvA5p1ndkLdqWD5JB'}, 'href': 'https://api.spotify.com/v1/artists/0E02VcvA5p1ndkLdqWD5JB', 'id': '0E02VcvA5p1ndkLdqWD5JB', 'name': 'Ankit Tiwari', 'type': 'artist', 'uri': 'spotify:artist:0E02VcvA5p1ndkLdqWD5JB'}, {'external_urls': {'spotify': 'https://open.spotify.com/artist/2kkQthS9OLpK4UqNWYqoVl'}, 'href': 'https://api.spotify.com/v1/artists/2kkQthS9OLpK4UqNWYqoVl', 'id': '2kkQthS9OLpK4UqNWYqoVl', 'name': 'Jeet Gannguli', 'type': 'artist', 'uri': 'spotify:artist:2kkQthS9OLpK4UqNWYqoVl'}]",Mithoon,09UmIX92EUH9hAK4bxvHx6,both
"[{'external_urls': {'spotify': 'https://open.spotify.com/artist/1wRPtKGflJrBx9BmLsSwlU'}, 'href': 'https://api.spotify.com/v1/artists/1wRPtKGflJrBx9BmLsSwlU', 'id': '1wRPtKGflJrBx9BmLsSwlU', 'name': 'Pritam', 'type': 'artist', 'uri': 'spotify:artist:1wRPtKGflJrBx9BmLsSwlU'}, {'external_urls': {'spotify': 'https://open.spotify.com/artist/4YRxDV8wJFPHPTeXepOstw'}, 'href': 'https://api.spotify.com/v1/artists/4YRxDV8wJFPHPTeXepOstw', 'id': '4YRxDV8wJFPHPTeXepOstw', 'name': 'Arijit Singh', 'type': 'artist', 'uri': 'spotify:artist:4YRxDV8wJFPHPTeXepOstw'}]",228982,5cgKosPPj5Cs9a2JQufUc1,Ilahi,2Lxoc72vRTGdQfMvj7Ovi1,9,Yeh Jawaani Hai Deewani,2013-03-30,"[{'external_urls': {'spotify': 'https://open.spotify.com/artist/1wRPtKGflJrBx9BmLsSwlU'}, 'href': 'https://api.spotify.com/v1/artists/1wRPtKGflJrBx9BmLsSwlU', 'id': '1wRPtKGflJrBx9BmLsSwlU', 'name': 'Pritam', 'type': 'artist', 'uri': 'spotify:artist:1wRPtKGflJrBx9BmLsSwlU'}]",Pritam,1wRPtKGflJrBx9BmLsSwlU,both
"[{'external_urls': {'spotify': 'https://open.spotify.com/artist/1wRPtKGflJrBx9BmLsSwlU'}, 'href': 'https://api.spotify.com/v1/artists/1wRPtKGflJrBx9BmLsSwlU', 'id': '1wRPtKGflJrBx9BmLsSwlU', 'name': 'Pritam', 'type': 'artist', 'uri': 'spotify:artist:1wRPtKGflJrBx9BmLsSwlU'}, {'external_urls': {'spotify': 'https://open.spotify.com/artist/4YRxDV8wJFPHPTeXepOstw'}, 'href': 'https://api.spotify.com/v1/artists/4YRxDV8wJFPHPTeXepOstw', 'id': '4YRxDV8wJFPHPTeXepOstw', 'name': 'Arijit Singh', 'type': 'artist', 'uri': 'spotify:artist:4YRxDV8wJFPHPTeXepOstw'}, {'external_urls': {'spotify': 'https://open.spotify.com/artist/3eDT9fwXKuHWFvgZaaYC5v'}, 'href': 'https://api.spotify.com/v1/artists/3eDT9fwXKuHWFvgZaaYC5v', 'id': '3eDT9fwXKuHWFvgZaaYC5v', 'name': 'Sunidhi Chauhan', 'type': 'artist', 'uri': 'spotify:artist:3eDT9fwXKuHWFvgZaaYC5v'}]",260552,3W1XPf7mvuQcWQB7U7MbTM,Dilliwaali Girlfriend,2Lxoc72vRTGdQfMvj7Ovi1,9,Yeh Jawaani Hai Deewani,2013-03-30,"[{'external_urls': {'spotify': 'https://open.spotify.com/artist/1wRPtKGflJrBx9BmLsSwlU'}, 'href': 'https://api.spotify.com/v1/artists/1wRPtKGflJrBx9BmLsSwlU', 'id': '1wRPtKGflJrBx9BmLsSwlU', 'name': 'Pritam', 'type': 'artist', 'uri': 'spotify:artist:1wRPtKGflJrBx9BmLsSwlU'}]",Pritam,1wRPtKGflJrBx9BmLsSwlU,both
"[{'external_urls': {'spotify': 'https://open.spotify.com/artist/1wRPtKGflJrBx9BmLsSwlU'}, 'href': 'https://api.spotify.com/v1/artists/1wRPtKGflJrBx9BmLsSwlU', 'id': '1wRPtKGflJrBx9BmLsSwlU', 'name': 'Pritam', 'type': 'artist', 'uri': 'spotify:artist:1wRPtKGflJrBx9BmLsSwlU'}, {'external_urls': {'spotify': 'https://open.spotify.com/artist/3xU8YsNNkmWSPewlB18NUz'}, 'href': 'https://api.spotify.com/v1/artists/3xU8YsNNkmWSPewlB18NUz', 'id': '3xU8YsNNkmWSPewlB18NUz', 'name': 'Harshdeep Kaur', 'type': 'artist', 'uri': 'spotify:artist:3xU8YsNNkmWSPewlB18NUz'}, {'external_urls': {'spotify': 'https://open.spotify.com/artist/4YRxDV8wJFPHPTeXepOstw'}, 'href': 'https://api.spotify.com/v1/artists/4YRxDV8wJFPHPTeXepOstw', 'id': '4YRxDV8wJFPHPTeXepOstw', 'name': 'Arijit Singh', 'type': 'artist', 'uri': 'spotify:artist:4YRxDV8wJFPHPTeXepOstw'}]",270438,3jJ5HgLRNydtLRghjWVaCG,Kabira (Encore),2Lxoc72vRTGdQfMvj7Ovi1,9,Yeh Jawaani Hai Deewani,2013-03-30,"[{'external_urls': {'spotify': 'https://open.spotify.com/artist/1wRPtKGflJrBx9BmLsSwlU'}, 'href': 'https://api.spotify.com/v1/artists/1wRPtKGflJrBx9BmLsSwlU', 'id': '1wRPtKGflJrBx9BmLsSwlU', 'name': 'Pritam', 'type': 'artist', 'uri': 'spotify:artist:1wRPtKGflJrBx9BmLsSwlU'}]",Pritam,1wRPtKGflJrBx9BmLsSwlU,both
"[{'external_urls': {'spotify': 'https://open.spotify.com/artist/4YRxDV8wJFPHPTeXepOstw'}, 'href': 'https://api.spotify.com/v1/artists/4YRxDV8wJFPHPTeXepOstw', 'id': '4YRxDV8wJFPHPTeXepOstw', 'name': 'Arijit Singh', 'type': 'artist', 'uri': 'spotify:artist:4YRxDV8wJFPHPTeXepOstw'}, {'external_urls': {'spotify': 'https://open.spotify.com/artist/5o36rLQd78Zh8CaT8rn59d'}, 'href': 'https://api.spotify.com/v1/artists/5o36rLQd78Zh8CaT8rn59d', 'id': '5o36rLQd78Zh8CaT8rn59d', 'name': 'Shreyas Puranik', 'type': 'artist', 'uri': 'spotify:artist:5o36rLQd78Zh8CaT8rn59d'}, {'external_urls': {'spotify': 'https://open.spotify.com/artist/6k6TIai4KyKG1DeIMftSmJ'}, 'href': 'https://api.spotify.com/v1/artists/6k6TIai4KyKG1DeIMftSmJ', 'id': '6k6TIai4KyKG1DeIMftSmJ', 'name': 'Siddharth - Garima', 'type': 'artist', 'uri': 'spotify:artist:6k6TIai4KyKG1DeIMftSmJ'}]",271169,0rHlfhO0oh1klqPfr7ZUd2,Satranga,0a183xiCHiC1GQd8ou7WXO,8,ANIMAL,2023-11-24,"[{'external_urls': {'spotify': 'https://open.spotify.com/artist/3pQ4aA7dkolyjUAMrVScgh'}, 'href': 'https://api.spotify.com/v1/artists/3pQ4aA7dkolyjUAMrVScgh', 'id': '3pQ4aA7dkolyjUAMrVScgh', 'name': 'Manan Bhardwaj', 'type': 'artist', 'uri': 'spotify:artist:3pQ4aA7dkolyjUAMrVScgh'}, {'external_urls': {'spotify': 'https://open.spotify.com/artist/5wJ1H6ud777odtZl5gG507'}, 'href': 'https://api.spotify.com/v1/artists/5wJ1H6ud777odtZl5gG507', 'id': '5wJ1H6ud777odtZl5gG507', 'name': 'Vishal Mishra', 'type': 'artist', 'uri': 'spotify:artist:5wJ1H6ud777odtZl5gG507'}, {'external_urls': {'spotify': 'https://open.spotify.com/artist/5gZhfbckaWo89OzDSk3gdT'}, 'href': 'https://api.spotify.com/v1/artists/5gZhfbckaWo89OzDSk3gdT', 'id': '5gZhfbckaWo89OzDSk3gdT', 'name': 'Jaani', 'type': 'artist', 'uri': 'spotify:artist:5gZhfbckaWo89OzDSk3gdT'}]",Manan Bhardwaj,3pQ4aA7dkolyjUAMrVScgh,both
"[{'external_urls': {'spotify': 'https://open.spotify.com/artist/0y59o4v8uw5crbN9M3JiL1'}, 'href': 'https://api.spotify.com/v1/artists/0y59o4v8uw5crbN9M3JiL1', 'id': '0y59o4v8uw5crbN9M3JiL1', 'name': 'Badshah', 'type': 'artist', 'uri': 'spotify:artist:0y59o4v8uw5crbN9M3JiL1'}, {'external_urls': {'spotify': 'https://open.spotify.com/artist/4YRxDV8wJFPHPTeXepOstw'}, 'href': 'https://api.spotify.com/v1/artists/4YRxDV8wJFPHPTeXepOstw', 'id': '4YRxDV8wJFPHPTeXepOstw', 'name': 'Arijit Singh', 'type': 'artist', 'uri': 'spotify:artist:4YRxDV8wJFPHPTeXepOstw'}]",213599,1tf2iody5iRLYYPDSBpzRc,Soulmate,0LcyzKKw3RjFKL6ygISTeU,16,Ek Tha Raja,2024-03-18,"[{'external_urls': {'spotify': 'https://open.spotify.com/artist/0y59o4v8uw5crbN9M3JiL1'}, 'href': 'https://api.spotify.com/v1/artists/0y59o4v8uw5crbN9M3JiL1', 'id': '0y59o4v8uw5crbN9M3JiL1', 'name': 'Badshah', 'type': 'artist', 'uri': 'spotify:artist:0y59o4v8uw5crbN9M3JiL1'}]",Badshah,0y59o4v8uw5crbN9M3JiL1,both
"[{'external_urls': {'spotify': 'https://open.spotify.com/artist/2kkQthS9OLpK4UqNWYqoVl'}, 'href': 'https://api.spotify.com/v1/artists/2kkQthS9OLpK4UqNWYqoVl', 'id': '2kkQthS9OLpK4UqNWYqoVl', 'name': 'Jeet Gannguli', 'type': 'artist', 'uri': 'spotify:artist:2kkQthS9OLpK4UqNWYqoVl'}, {'external_urls': {'spotify': 'https://open.spotify.com/artist/4YRxDV8wJFPHPTeXepOstw'}, 'href': 'https://api.spotify.com/v1/artists/4YRxDV8wJFPHPTeXepOstw', 'id': '4YRxDV8wJFPHPTeXepOstw', 'name': 'Arijit Singh', 'type': 'artist', 'uri': 'spotify:artist:4YRxDV8wJFPHPTeXepOstw'}]",398799,3HiobOOpSpMsi95WBKPBYk,Hamari Adhuri Kahani (Title Track),7sVzilmsqYcLMYw2gtvoZM,6,Hamari Adhuri Kahani (Original Motion Picture Soundtrack),2015-05-21,"[{'external_urls': {'spotify': 'https://open.spotify.com/artist/2kkQthS9OLpK4UqNWYqoVl'}, 'href': 'https://api.spotify.com/v1/artists/2kkQthS9OLpK4UqNWYqoVl', 'id': '2kkQthS9OLpK4UqNWYqoVl', 'name': 'Jeet Gannguli', 'type': 'artist', 'uri': 'spotify:artist:2kkQthS9OLpK4UqNWYqoVl'}, {'external_urls': {'spotify': 'https://open.spotify.com/artist/09UmIX92EUH9hAK4bxvHx6'}, 'href': 'https://api.spotify.com/v1/artists/09UmIX92EUH9hAK4bxvHx6', 'id': '09UmIX92EUH9hAK4bxvHx6', 'name': 'Mithoon', 'type': 'artist', 'uri': 'spotify:artist:09UmIX92EUH9hAK4bxvHx6'}, {'external_urls': {'spotify': 'https://open.spotify.com/artist/5ugsiK49gIkIVh8U93EO0z'}, 'href': 'https://api.spotify.com/v1/artists/5ugsiK49gIkIVh8U93EO0z', 'id': '5ugsiK49gIkIVh8U93EO0z', 'name': 'Ami Mishra', 'type': 'artist', 'uri': 'spotify:artist:5ugsiK49gIkIVh8U93EO0z'}]",Jeet Gannguli,2kkQthS9OLpK4UqNWYqoVl,both
"[{'external_urls': {'spotify': 'https://open.spotify.com/artist/4YRxDV8wJFPHPTeXepOstw'}, 'href': 'https://api.spotify.com/v1/artists/4YRxDV8wJFPHPTeXepOstw', 'id': '4YRxDV8wJFPHPTeXepOstw', 'name': 'Arijit Singh', 'type': 'artist', 'uri': 'spotify:artist:4YRxDV8wJFPHPTeXepOstw'}]",284779,5QtEFRYavs5S3GHtFEq7A4,Tujhe Kitna Chahne Lage,3uuu6u13U0KeVQsZ3CZKK4,9,Kabir Singh,2019-06-14,"[{'external_urls': {'spotify': 'https://open.spotify.com/artist/1SyKki7JI1AZNKwgNMkn25'}, 'href': 'https://api.spotify.com/v1/artists/1SyKki7JI1AZNKwgNMkn25', 'id': '1SyKki7JI1AZNKwgNMkn25', 'name': 'Sachet-Parampara', 'type': 'artist', 'uri': 'spotify:artist:1SyKki7JI1AZNKwgNMkn25'}, {'external_urls': {'spotify': 'https://open.spotify.com/artist/5wJ1H6ud777odtZl5gG507'}, 'href': 'https://api.spotify.com/v1/artists/5wJ1H6ud777odtZl5gG507', 'id': '5wJ1H6ud777odtZl5gG507', 'name': 'Vishal Mishra', 'type': 'artist', 'uri': 'spotify:artist:5wJ1H6ud777odtZl5gG507'}, {'external_urls': {'spotify': 'https://open.spotify.com/artist/09UmIX92EUH9hAK4bxvHx6'}, 'href': 'https://api.spotify.com/v1/artists/09UmIX92EUH9hAK4bxvHx6', 'id': '09UmIX92EUH9hAK4bxvHx6', 'name': 'Mithoon', 'type': 'artist', 'uri': 'spotify:artist:09UmIX92EUH9hAK4bxvHx6'}]",Sachet-Parampara,1SyKki7JI1AZNKwgNMkn25,both
"[{'external_urls': {'spotify': 'https://open.spotify.com/artist/4YRxDV8wJFPHPTeXepOstw'}, 'href': 'https://api.spotify.com/v1/artists/4YRxDV8wJFPHPTeXepOstw', 'id': '4YRxDV8wJFPHPTeXepOstw', 'name': 'Arijit Singh', 'type': 'artist', 'uri': 'spotify:artist:4YRxDV8wJFPHPTeXepOstw'}]",370444,47Il9B5GJ2FEkiwiIH3xX0,Bekhayali (Arijit Singh Version),3uuu6u13U0KeVQsZ3CZKK4,9,Kabir Singh,2019-06-14,"[{'external_urls': {'spotify': 'https://open.spotify.com/artist/1SyKki7JI1AZNKwgNMkn25'}, 'href': 'https://api.spotify.com/v1/artists/1SyKki7JI1AZNKwgNMkn25', 'id': '1SyKki7JI1AZNKwgNMkn25', 'name': 'Sachet-Parampara', 'type': 'artist', 'uri': 'spotify:artist:1SyKki7JI1AZNKwgNMkn25'}, {'external_urls': {'spotify': 'https://open.spotify.com/artist/5wJ1H6ud777odtZl5gG507'}, 'href': 'https://api.spotify.com/v1/artists/5wJ1H6ud777odtZl5gG507', 'id': '5wJ1H6ud777odtZl5gG507', 'name': 'Vishal Mishra', 'type': 'artist', 'uri': 'spotify:artist:5wJ1H6ud777odtZl5gG507'}, {'external_urls': {'spotify': 'https://open.spotify.com/artist/09UmIX92EUH9hAK4bxvHx6'}, 'href': 'https://api.spotify.com/v1/artists/09UmIX92EUH9hAK4bxvHx6', 'id': '09UmIX92EUH9hAK4bxvHx6', 'name': 'Mithoon', 'type': 'artist', 'uri': 'spotify:artist:09UmIX92EUH9hAK4bxvHx6'}]",Sachet-Parampara,1SyKki7JI1AZNKwgNMkn25,both
"[{'external_urls': {'spotify': 'https://open.spotify.com/artist/1wRPtKGflJrBx9BmLsSwlU'}, 'href': 'https://api.spotify.com/v1/artists/1wRPtKGflJrBx9BmLsSwlU', 'id': '1wRPtKGflJrBx9BmLsSwlU', 'name': 'Pritam', 'type': 'artist', 'uri': 'spotify:artist:1wRPtKGflJrBx9BmLsSwlU'}, {'external_urls': {'spotify': 'https://open.spotify.com/artist/4YRxDV8wJFPHPTeXepOstw'}, 'href': 'https://api.spotify.com/v1/artists/4YRxDV8wJFPHPTeXepOstw', 'id': '4YRxDV8wJFPHPTeXepOstw', 'name': 'Arijit Singh', 'type': 'artist', 'uri': 'spotify:artist:4YRxDV8wJFPHPTeXepOstw'}]",269032,1UWacd8x8tPPwmrPB1MoBI,Ae Dil Hai Mushkil Title Track,5xjaz957o6YGSXmlfd2tex,9,Ae Dil Hai Mushkil (Original Motion Picture Soundtrack) [Deluxe Edition],2016-10-26,"[{'external_urls': {'spotify': 'https://open.spotify.com/artist/1wRPtKGflJrBx9BmLsSwlU'}, 'href': 'https://api.spotify.com/v1/artists/1wRPtKGflJrBx9BmLsSwlU', 'id': '1wRPtKGflJrBx9BmLsSwlU', 'name': 'Pritam', 'type': 'artist', 'uri': 'spotify:artist:1wRPtKGflJrBx9BmLsSwlU'}]",Pritam,1wRPtKGflJrBx9BmLsSwlU,both
"[{'external_urls': {'spotify': 'https://open.spotify.com/artist/1wRPtKGflJrBx9BmLsSwlU'}, 'href': 'https://api.spotify.com/v1/artists/1wRPtKGflJrBx9BmLsSwlU', 'id': '1wRPtKGflJrBx9BmLsSwlU', 'name': 'Pritam', 'type': 'artist', 'uri': 'spotify:artist:1wRPtKGflJrBx9BmLsSwlU'}, {'external_urls': {'spotify': 'https://open.spotify.com/artist/4YRxDV8wJFPHPTeXepOstw'}, 'href': 'https://api.spotify.com/v1/artists/4YRxDV8wJFPHPTeXepOstw', 'id': '4YRxDV8wJFPHPTeXepOstw', 'name': 'Arijit Singh', 'type': 'artist', 'uri': 'spotify:artist:4YRxDV8wJFPHPTeXepOstw'}]",289333,0H2iJVgorRR0ZFgRqGUjUM,Channa Mereya,5xjaz957o6YGSXmlfd2tex,9,Ae Dil Hai Mushkil (Original Motion Picture Soundtrack) [Deluxe Edition],2016-10-26,"[{'external_urls': {'spotify': 'https://open.spotify.com/artist/1wRPtKGflJrBx9BmLsSwlU'}, 'href': 'https://api.spotify.com/v1/artists/1wRPtKGflJrBx9BmLsSwlU', 'id': '1wRPtKGflJrBx9BmLsSwlU', 'name': 'Pritam', 'type': 'artist', 'uri': 'spotify:artist:1wRPtKGflJrBx9BmLsSwlU'}]",Pritam,1wRPtKGflJrBx9BmLsSwlU,both
"[{'external_urls': {'spotify': 'https://open.spotify.com/artist/1wRPtKGflJrBx9BmLsSwlU'}, 'href': 'https://api.spotify.com/v1/artists/1wRPtKGflJrBx9BmLsSwlU', 'id': '1wRPtKGflJrBx9BmLsSwlU', 'name': 'Pritam', 'type': 'artist', 'uri': 'spotify:artist:1wRPtKGflJrBx9BmLsSwlU'}, {'external_urls': {'spotify': 'https://open.spotify.com/artist/4YRxDV8wJFPHPTeXepOstw'}, 'href': 'https://api.spotify.com/v1/artists/4YRxDV8wJFPHPTeXepOstw', 'id': '4YRxDV8wJFPHPTeXepOstw', 'name': 'Arijit Singh', 'type': 'artist', 'uri': 'spotify:artist:4YRxDV8wJFPHPTeXepOstw'}, {'external_urls': {'spotify': 'https://open.spotify.com/artist/0y59o4v8uw5crbN9M3JiL1'}, 'href': 'https://api.spotify.com/v1/artists/0y59o4v8uw5crbN9M3JiL1', 'id': '0y59o4v8uw5crbN9M3JiL1', 'name': 'Badshah', 'type': 'artist', 'uri': 'spotify:artist:0y59o4v8uw5crbN9M3JiL1'}, {'external_urls': {'spotify': 'https://open.spotify.com/artist/00sCATpEvwH48ays7PlQFU'}, 'href': 'https://api.spotify.com/v1/artists/00sCATpEvwH48ays7PlQFU', 'id': '00sCATpEvwH48ays7PlQFU', 'name': 'Jonita Gandhi', 'type': 'artist', 'uri': 'spotify:artist:00sCATpEvwH48ays7PlQFU'}, {'external_urls': {'spotify': 'https://open.spotify.com/artist/4kq8z3vydHjPDggxb16ErB'}, 'href': 'https://api.spotify.com/v1/artists/4kq8z3vydHjPDggxb16ErB', 'id': '4kq8z3vydHjPDggxb16ErB', 'name': 'Nakash Aziz', 'type': 'artist', 'uri': 'spotify:artist:4kq8z3vydHjPDggxb16ErB'}]",252631,5FihcmME7NlwW8KbYOaHVH,The Breakup Song,5xjaz957o6YGSXmlfd2tex,9,Ae Dil Hai Mushkil (Original Motion Picture Soundtrack) [Deluxe Edition],2016-10-26,"[{'external_urls': {'spotify': 'https://open.spotify.com/artist/1wRPtKGflJrBx9BmLsSwlU'}, 'href': 'https://api.spotify.com/v1/artists/1wRPtKGflJrBx9BmLsSwlU', 'id': '1wRPtKGflJrBx9BmLsSwlU', 'name': 'Pritam', 'type': 'artist', 'uri': 'spotify:artist:1wRPtKGflJrBx9BmLsSwlU'}]",Pritam,1wRPtKGflJrBx9BmLsSwlU,both
"[{'external_urls': {'spotify': 'https://open.spotify.com/artist/1wRPtKGflJrBx9BmLsSwlU'}, 'href': 'https://api.spotify.com/v1/artists/1wRPtKGflJrBx9BmLsSwlU', 'id': '1wRPtKGflJrBx9BmLsSwlU', 'name': 'Pritam', 'type': 'artist', 'uri': 'spotify:artist:1wRPtKGflJrBx9BmLsSwlU'}, {'external_urls': {'spotify': 'https://open.spotify.com/artist/4YRxDV8wJFPHPTeXepOstw'}, 'href': 'https://api.spotify.com/v1/artists/4YRxDV8wJFPHPTeXepOstw', 'id': '4YRxDV8wJFPHPTeXepOstw', 'name': 'Arijit Singh', 'type': 'artist', 'uri': 'spotify:artist:4YRxDV8wJFPHPTeXepOstw'}, {'external_urls': {'spotify': 'https://open.spotify.com/artist/1cfG7UM0OD4O1II1nd15Qo'}, 'href': 'https://api.spotify.com/v1/artists/1cfG7UM0OD4O1II1nd15Qo', 'id': '1cfG7UM0OD4O1II1nd15Qo', 'name': 'Ash King', 'type': 'artist', 'uri': 'spotify:artist:1cfG7UM0OD4O1II1nd15Qo'}, {'external_urls': {'spotify': 'https://open.spotify.com/artist/6iv4lysB1yHXoZJ2gfqTdh'}, 'href': 'https://api.spotify.com/v1/artists/6iv4lysB1yHXoZJ2gfqTdh', 'id': '6iv4lysB1yHXoZJ2gfqTdh', 'name': 'Shashwat Singh', 'type': 'artist', 'uri': 'spotify:artist:6iv4lysB1yHXoZJ2gfqTdh'}]",282272,3w9EgtkQgMTrlSwuQEFdR0,Alizeh,5xjaz957o6YGSXmlfd2tex,9,Ae Dil Hai Mushkil (Original Motion Picture Soundtrack) [Deluxe Edition],2016-10-26,"[{'external_urls': {'spotify': 'https://open.spotify.com/artist/1wRPtKGflJrBx9BmLsSwlU'}, 'href': 'https://api.spotify.com/v1/artists/1wRPtKGflJrBx9BmLsSwlU', 'id': '1wRPtKGflJrBx9BmLsSwlU', 'name': 'Pritam', 'type': 'artist', 'uri': 'spotify:artist:1wRPtKGflJrBx9BmLsSwlU'}]",Pritam,1wRPtKGflJrBx9BmLsSwlU,both
"[{'external_urls': {'spotify': 'https://open.spotify.com/artist/1wRPtKGflJrBx9BmLsSwlU'}, 'href': 'https://api.spotify.com/v1/artists/1wRPtKGflJrBx9BmLsSwlU', 'id': '1wRPtKGflJrBx9BmLsSwlU', 'name': 'Pritam', 'type': 'artist', 'uri': 'spotify:artist:1wRPtKGflJrBx9BmLsSwlU'}, {'external_urls': {'spotify': 'https://open.spotify.com/artist/4YRxDV8wJFPHPTeXepOstw'}, 'href': 'https://api.spotify.com/v1/artists/4YRxDV8wJFPHPTeXepOstw', 'id': '4YRxDV8wJFPHPTeXepOstw', 'name': 'Arijit Singh', 'type': 'artist', 'uri': 'spotify:artist:4YRxDV8wJFPHPTeXepOstw'}, {'external_urls': {'spotify': 'https://open.spotify.com/artist/19LIHDDSHBD5NyYHI3gpzB'}, 'href': 'https://api.spotify.com/v1/artists/19LIHDDSHBD5NyYHI3gpzB', 'id': '19LIHDDSHBD5NyYHI3gpzB', 'name': 'Shilpa Rao', 'type': 'artist', 'uri': 'spotify:artist:19LIHDDSHBD5NyYHI3gpzB'}]",348965,0FeJltV3BtqpyQZ0hv49oi,Bulleya - Reprise,5xjaz957o6YGSXmlfd2tex,9,Ae Dil Hai Mushkil (Original Motion Picture Soundtrack) [Deluxe Edition],2016-10-26,"[{'external_urls': {'spotify': 'https://open.spotify.com/artist/1wRPtKGflJrBx9BmLsSwlU'}, 'href': 'https://api.spotify.com/v1/artists/1wRPtKGflJrBx9BmLsSwlU', 'id': '1wRPtKGflJrBx9BmLsSwlU', 'name': 'Pritam', 'type': 'artist', 'uri': 'spotify:artist:1wRPtKGflJrBx9BmLsSwlU'}]",Pritam,1wRPtKGflJrBx9BmLsSwlU,both
"[{'external_urls': {'spotify': 'https://open.spotify.com/artist/1wRPtKGflJrBx9BmLsSwlU'}, 'href': 'https://api.spotify.com/v1/artists/1wRPtKGflJrBx9BmLsSwlU', 'id': '1wRPtKGflJrBx9BmLsSwlU', 'name': 'Pritam', 'type': 'artist', 'uri': 'spotify:artist:1wRPtKGflJrBx9BmLsSwlU'}, {'external_urls': {'spotify': 'https://open.spotify.com/artist/4YRxDV8wJFPHPTeXepOstw'}, 'href': 'https://api.spotify.com/v1/artists/4YRxDV8wJFPHPTeXepOstw', 'id': '4YRxDV8wJFPHPTeXepOstw', 'name': 'Arijit Singh', 'type': 'artist', 'uri': 'spotify:artist:4YRxDV8wJFPHPTeXepOstw'}]",165333,0xHvmWCpz9Pnn1sDvRehAs,Channa Mereya - Unplugged,5xjaz957o6YGSXmlfd2tex,9,Ae Dil Hai Mushkil (Original Motion Picture Soundtrack) [Deluxe Edition],2016-10-26,"[{'external_urls': {'spotify': 'https://open.spotify.com/artist/1wRPtKGflJrBx9BmLsSwlU'}, 'href': 'https://api.spotify.com/v1/artists/1wRPtKGflJrBx9BmLsSwlU', 'id': '1wRPtKGflJrBx9BmLsSwlU', 'name': 'Pritam', 'type': 'artist', 'uri': 'spotify:artist:1wRPtKGflJrBx9BmLsSwlU'}]",Pritam,1wRPtKGflJrBx9BmLsSwlU,both
"[{'external_urls': {'spotify': 'https://open.spotify.com/artist/1wRPtKGflJrBx9BmLsSwlU'}, 'href': 'https://api.spotify.com/v1/artists/1wRPtKGflJrBx9BmLsSwlU', 'id': '1wRPtKGflJrBx9BmLsSwlU', 'name': 'Pritam', 'type': 'artist', 'uri': 'spotify:artist:1wRPtKGflJrBx9BmLsSwlU'}, {'external_urls': {'spotify': 'https://open.spotify.com/artist/4YRxDV8wJFPHPTeXepOstw'}, 'href': 'https://api.spotify.com/v1/artists/4YRxDV8wJFPHPTeXepOstw', 'id': '4YRxDV8wJFPHPTeXepOstw', 'name': 'Arijit Singh', 'type': 'artist', 'uri': 'spotify:artist:4YRxDV8wJFPHPTeXepOstw'}]",247941,1smFN2CLqGROu0J0UyvDfL,Shayad,6IXfWhC7omotM4lt0ROmEr,11,Love Aaj Kal (Original Motion Picture Soundtrack),2020-02-14,"[{'external_urls': {'spotify': 'https://open.spotify.com/artist/1wRPtKGflJrBx9BmLsSwlU'}, 'href': 'https://api.spotify.com/v1/artists/1wRPtKGflJrBx9BmLsSwlU', 'id': '1wRPtKGflJrBx9BmLsSwlU', 'name': 'Pritam', 'type': 'artist', 'uri': 'spotify:artist:1wRPtKGflJrBx9BmLsSwlU'}]",Pritam,1wRPtKGflJrBx9BmLsSwlU,both
"[{'external_urls': {'spotify': 'https://open.spotify.com/artist/1wRPtKGflJrBx9BmLsSwlU'}, 'href': 'https://api.spotify.com/v1/artists/1wRPtKGflJrBx9BmLsSwlU', 'id': '1wRPtKGflJrBx9BmLsSwlU', 'name': 'Pritam', 'type': 'artist', 'uri': 'spotify:artist:1wRPtKGflJrBx9BmLsSwlU'}, {'external_urls': {'spotify': 'https://open.spotify.com/artist/4YRxDV8wJFPHPTeXepOstw'}, 'href': 'https://api.spotify.com/v1/artists/4YRxDV8wJFPHPTeXepOstw', 'id': '4YRxDV8wJFPHPTeXepOstw', 'name': 'Arijit Singh', 'type': 'artist', 'uri': 'spotify:artist:4YRxDV8wJFPHPTeXepOstw'}, {'external_urls': {'spotify': 'https://open.spotify.com/artist/6iv4lysB1yHXoZJ2gfqTdh'}, 'href': 'https://api.spotify.com/v1/artists/6iv4lysB1yHXoZJ2gfqTdh', 'id': '6iv4lysB1yHXoZJ2gfqTdh', 'name': 'Shashwat Singh', 'type': 'artist', 'uri': 'spotify:artist:6iv4lysB1yHXoZJ2gfqTdh'}]",218644,0MLZAgKQKHbPsJ12qHS860,Haan Main Galat,6IXfWhC7omotM4lt0ROmEr,11,Love Aaj Kal (Original Motion Picture Soundtrack),2020-02-14,"[{'external_urls': {'spotify': 'https://open.spotify.com/artist/1wRPtKGflJrBx9BmLsSwlU'}, 'href': 'https://api.spotify.com/v1/artists/1wRPtKGflJrBx9BmLsSwlU', 'id': '1wRPtKGflJrBx9BmLsSwlU', 'name': 'Pritam', 'type': 'artist', 'uri': 'spotify:artist:1wRPtKGflJrBx9BmLsSwlU'}]",Pritam,1wRPtKGflJrBx9BmLsSwlU,both
"[{'external_urls': {'spotify': 'https://open.spotify.com/artist/1wRPtKGflJrBx9BmLsSwlU'}, 'href': 'https://api.spotify.com/v1/artists/1wRPtKGflJrBx9BmLsSwlU', 'id': '1wRPtKGflJrBx9BmLsSwlU', 'name': 'Pritam', 'type': 'artist', 'uri': 'spotify:artist:1wRPtKGflJrBx9BmLsSwlU'}, {'external_urls': {'spotify': 'https://open.spotify.com/artist/4YRxDV8wJFPHPTeXepOstw'}, 'href': 'https://api.spotify.com/v1/artists/4YRxDV8wJFPHPTeXepOstw', 'id': '4YRxDV8wJFPHPTeXepOstw', 'name': 'Arijit Singh', 'type': 'artist', 'uri': 'spotify:artist:4YRxDV8wJFPHPTeXepOstw'}]",252382,2X72RoxsswQEfzOWYDSBWD,Rahogi Meri,6IXfWhC7omotM4lt0ROmEr,11,Love Aaj Kal (Original Motion Picture Soundtrack),2020-02-14,"[{'external_urls': {'spotify': 'https://open.spotify.com/artist/1wRPtKGflJrBx9BmLsSwlU'}, 'href': 'https://api.spotify.com/v1/artists/1wRPtKGflJrBx9BmLsSwlU', 'id': '1wRPtKGflJrBx9BmLsSwlU', 'name': 'Pritam', 'type': 'artist', 'uri': 'spotify:artist:1wRPtKGflJrBx9BmLsSwlU'}]",Pritam,1wRPtKGflJrBx9BmLsSwlU,both
"[{'external_urls': {'spotify': 'https://open.spotify.com/artist/1wRPtKGflJrBx9BmLsSwlU'}, 'href': 'https://api.spotify.com/v1/artists/1wRPtKGflJrBx9BmLsSwlU', 'id': '1wRPtKGflJrBx9BmLsSwlU', 'name': 'Pritam', 'type': 'artist', 'uri': 'spotify:artist:1wRPtKGflJrBx9BmLsSwlU'}, {'external_urls': {'spotify': 'https://open.spotify.com/artist/4YRxDV8wJFPHPTeXepOstw'}, 'href': 'https://api.spotify.com/v1/artists/4YRxDV8wJFPHPTeXepOstw', 'id': '4YRxDV8wJFPHPTeXepOstw', 'name': 'Arijit Singh', 'type': 'artist', 'uri': 'spotify:artist:4YRxDV8wJFPHPTeXepOstw'}, {'external_urls': {'spotify': 'https://open.spotify.com/artist/4ojkMVHjuDZgDXSJy5qs2h'}, 'href': 'https://api.spotify.com/v1/artists/4ojkMVHjuDZgDXSJy5qs2h', 'id': '4ojkMVHjuDZgDXSJy5qs2h', 'name': 'Madhubanti Bagchi', 'type': 'artist', 'uri': 'spotify:artist:4ojkMVHjuDZgDXSJy5qs2h'}]",245735,2L2YNB3YIletW4fUtwphDv,Shayad - Reprise,6IXfWhC7omotM4lt0ROmEr,11,Love Aaj Kal (Original Motion Picture Soundtrack),2020-02-14,"[{'external_urls': {'spotify': 'https://open.spotify.com/artist/1wRPtKGflJrBx9BmLsSwlU'}, 'href': 'https://api.spotify.com/v1/artists/1wRPtKGflJrBx9BmLsSwlU', 'id': '1wRPtKGflJrBx9BmLsSwlU', 'name': 'Pritam', 'type': 'artist', 'uri': 'spotify:artist:1wRPtKGflJrBx9BmLsSwlU'}]",Pritam,1wRPtKGflJrBx9BmLsSwlU,both
"[{'external_urls': {'spotify': 'https://open.spotify.com/artist/1wRPtKGflJrBx9BmLsSwlU'}, 'href': 'https://api.spotify.com/v1/artists/1wRPtKGflJrBx9BmLsSwlU', 'id': '1wRPtKGflJrBx9BmLsSwlU', 'name': 'Pritam', 'type': 'artist', 'uri': 'spotify:artist:1wRPtKGflJrBx9BmLsSwlU'}, {'external_urls': {'spotify': 'https://open.spotify.com/artist/4YRxDV8wJFPHPTeXepOstw'}, 'href': 'https://api.spotify.com/v1/artists/4YRxDV8wJFPHPTeXepOstw', 'id': '4YRxDV8wJFPHPTeXepOstw', 'name': 'Arijit Singh', 'type': 'artist', 'uri': 'spotify:artist:4YRxDV8wJFPHPTeXepOstw'}, {'external_urls': {'spotify': 'https://open.spotify.com/artist/19LIHDDSHBD5NyYHI3gpzB'}, 'href': 'https://api.spotify.com/v1/artists/19LIHDDSHBD5NyYHI3gpzB', 'id': '19LIHDDSHBD5NyYHI3gpzB', 'name': 'Shilpa Rao', 'type': 'artist', 'uri': 'spotify:artist:19LIHDDSHBD5NyYHI3gpzB'}]",292771,1MNrCAqCFLX31C3jD8DXZR,Haan Tum Ho,6IXfWhC7omotM4lt0ROmEr,11,Love Aaj Kal (Original Motion Picture Soundtrack),2020-02-14,"[{'external_urls': {'spotify': 'https://open.spotify.com/artist/1wRPtKGflJrBx9BmLsSwlU'}, 'href': 'https://api.spotify.com/v1/artists/1wRPtKGflJrBx9BmLsSwlU', 'id': '1wRPtKGflJrBx9BmLsSwlU', 'name': 'Pritam', 'type': 'artist', 'uri': 'spotify:artist:1wRPtKGflJrBx9BmLsSwlU'}]",Pritam,1wRPtKGflJrBx9BmLsSwlU,both
"[{'external_urls': {'spotify': 'https://open.spotify.com/artist/1mBydYMVBECdDmMfE2sEUO'}, 'href': 'https://api.spotify.com/v1/artists/1mBydYMVBECdDmMfE2sEUO', 'id': '1mBydYMVBECdDmMfE2sEUO', 'name': 'Sachin-Jigar', 'type': 'artist', 'uri': 'spotify:artist:1mBydYMVBECdDmMfE2sEUO'}, {'external_urls': {'spotify': 'https://open.spotify.com/artist/3cqeO3muWIW5uSmUDNCmyT'}, 'href': 'https://api.spotify.com/v1/artists/3cqeO3muWIW5uSmUDNCmyT', 'id': '3cqeO3muWIW5uSmUDNCmyT', 'name': 'Rekha Bhardwaj', 'type': 'artist', 'uri': 'spotify:artist:3cqeO3muWIW5uSmUDNCmyT'}, {'external_urls': {'spotify': 'https://open.spotify.com/artist/4YRxDV8wJFPHPTeXepOstw'}, 'href': 'https://api.spotify.com/v1/artists/4YRxDV8wJFPHPTeXepOstw', 'id': '4YRxDV8wJFPHPTeXepOstw', 'name': 'Arijit Singh', 'type': 'artist', 'uri': 'spotify:artist:4YRxDV8wJFPHPTeXepOstw'}]",272772,2MsGTWvf7dcjKbI0WTq6Pz,Judaai,4ahg47diWPOQ6d6C8e6PHI,8,Badlapur (Original Motion Picture Soundtrack),2014-12-09,"[{'external_urls': {'spotify': 'https://open.spotify.com/artist/1mBydYMVBECdDmMfE2sEUO'}, 'href': 'https://api.spotify.com/v1/artists/1mBydYMVBECdDmMfE2sEUO', 'id': '1mBydYMVBECdDmMfE2sEUO', 'name': 'Sachin-Jigar', 'type': 'artist', 'uri': 'spotify:artist:1mBydYMVBECdDmMfE2sEUO'}, {'external_urls': {'spotify': 'https://open.spotify.com/artist/6q29t5RuXxlBuqIZsOMQss'}, 'href': 'https://api.spotify.com/v1/artists/6q29t5RuXxlBuqIZsOMQss', 'id': '6q29t5RuXxlBuqIZsOMQss', 'name': 'Priya Saraiya', 'type': 'artist', 'uri': 'spotify:artist:6q29t5RuXxlBuqIZsOMQss'}]",Sachin-Jigar,1mBydYMVBECdDmMfE2sEUO,both
"[{'external_urls': {'spotify': 'https://open.spotify.com/artist/1mBydYMVBECdDmMfE2sEUO'}, 'href': 'https://api.spotify.com/v1/artists/1mBydYMVBECdDmMfE2sEUO', 'id': '1mBydYMVBECdDmMfE2sEUO', 'name': 'Sachin-Jigar', 'type': 'artist', 'uri': 'spotify:artist:1mBydYMVBECdDmMfE2sEUO'}, {'external_urls': {'spotify': 'https://open.spotify.com/artist/2oSONSC9zQ4UonDKnLqksx'}, 'href': 'https://api.spotify.com/v1/artists/2oSONSC9zQ4UonDKnLqksx', 'id': '2oSONSC9zQ4UonDKnLqksx', 'name': 'Atif Aslam', 'type': 'artist', 'uri': 'spotify:artist:2oSONSC9zQ4UonDKnLqksx'}, {'external_urls': {'spotify': 'https://open.spotify.com/artist/0NErdIJtuKBjtxKmlqaWdj'}, 'href': 'https://api.spotify.com/v1/artists/0NErdIJtuKBjtxKmlqaWdj', 'id': '0NErdIJtuKBjtxKmlqaWdj', 'name': 'Divya Kumar', 'type': 'artist', 'uri': 'spotify:artist:0NErdIJtuKBjtxKmlqaWdj'}, {'external_urls': {'spotify': 'https://open.spotify.com/artist/3cqeO3muWIW5uSmUDNCmyT'}, 'href': 'https://api.spotify.com/v1/artists/3cqeO3muWIW5uSmUDNCmyT', 'id': '3cqeO3muWIW5uSmUDNCmyT', 'name': 'Rekha Bhardwaj', 'type': 'artist', 'uri': 'spotify:artist:3cqeO3muWIW5uSmUDNCmyT'}, {'external_urls': {'spotify': 'https://open.spotify.com/artist/4YRxDV8wJFPHPTeXepOstw'}, 'href': 'https://api.spotify.com/v1/artists/4YRxDV8wJFPHPTeXepOstw', 'id': '4YRxDV8wJFPHPTeXepOstw', 'name': 'Arijit Singh', 'type': 'artist', 'uri': 'spotify:artist:4YRxDV8wJFPHPTeXepOstw'}]",169090,01Lut8W3laY1TODkn7eCPq,Badlapur Mashup,4ahg47diWPOQ6d6C8e6PHI,8,Badlapur (Original Motion Picture Soundtrack),2014-12-09,"[{'external_urls': {'spotify': 'https://open.spotify.com/artist/1mBydYMVBECdDmMfE2sEUO'}, 'href': 'https://api.spotify.com/v1/artists/1mBydYMVBECdDmMfE2sEUO', 'id': '1mBydYMVBECdDmMfE2sEUO', 'name': 'Sachin-Jigar', 'type': 'artist', 'uri': 'spotify:artist:1mBydYMVBECdDmMfE2sEUO'}, {'external_urls': {'spotify': 'https://open.spotify.com/artist/6q29t5RuXxlBuqIZsOMQss'}, 'href': 'https://api.spotify.com/v1/artists/6q29t5RuXxlBuqIZsOMQss', 'id': '6q29t5RuXxlBuqIZsOMQss', 'name': 'Priya Saraiya', 'type': 'artist', 'uri': 'spotify:artist:6q29t5RuXxlBuqIZsOMQss'}]",Sachin-Jigar,1mBydYMVBECdDmMfE2sEUO,both
"[{'external_urls': {'spotify': 'https://open.spotify.com/artist/00sCATpEvwH48ays7PlQFU'}, 'href': 'https://api.spotify.com/v1/artists/00sCATpEvwH48ays7PlQFU', 'id': '00sCATpEvwH48ays7PlQFU', 'name': 'Jonita Gandhi', 'type': 'artist', 'uri': 'spotify:artist:00sCATpEvwH48ays7PlQFU'}, {'external_urls': {'spotify': 'https://open.spotify.com/artist/4YRxDV8wJFPHPTeXepOstw'}, 'href': 'https://api.spotify.com/v1/artists/4YRxDV8wJFPHPTeXepOstw', 'id': '4YRxDV8wJFPHPTeXepOstw', 'name': 'Arijit Singh', 'type': 'artist', 'uri': 'spotify:artist:4YRxDV8wJFPHPTeXepOstw'}]",320828,5ELZucrxfmkBOPP9JhfDIf,Aahista,1RNEvKlb3YovuiE8Gw5VOO,11,Laila Majnu (Original Motion Picture Soundtrack),2018-10-30,"[{'external_urls': {'spotify': 'https://open.spotify.com/artist/3Qol2r2jehhR5yKbmk1Dg4'}, 'href': 'https://api.spotify.com/v1/artists/3Qol2r2jehhR5yKbmk1Dg4', 'id': '3Qol2r2jehhR5yKbmk1Dg4', 'name': 'Niladri Kumar', 'type': 'artist', 'uri': 'spotify:artist:3Qol2r2jehhR5yKbmk1Dg4'}, {'external_urls': {'spotify': 'https://open.spotify.com/artist/1UdYhDdrXVNJMAKghjdU6v'}, 'href': 'https://api.spotify.com/v1/artists/1UdYhDdrXVNJMAKghjdU6v', 'id': '1UdYhDdrXVNJMAKghjdU6v', 'name': 'Joi Barua', 'type': 'artist', 'uri': 'spotify:artist:1UdYhDdrXVNJMAKghjdU6v'}, {'external_urls': {'spotify': 'https://open.spotify.com/artist/745oUlBO0YnhDcFIXS3SPL'}, 'href': 'https://api.spotify.com/v1/artists/745oUlBO0YnhDcFIXS3SPL', 'id': '745oUlBO0YnhDcFIXS3SPL', 'name': 'Alif', 'type': 'artist', 'uri': 'spotify:artist:745oUlBO0YnhDcFIXS3SPL'}]",Niladri Kumar,3Qol2r2jehhR5yKbmk1Dg4,both
"[{'external_urls': {'spotify': 'https://open.spotify.com/artist/4YRxDV8wJFPHPTeXepOstw'}, 'href': 'https://api.spotify.com/v1/artists/4YRxDV8wJFPHPTeXepOstw', 'id': '4YRxDV8wJFPHPTeXepOstw', 'name': 'Arijit Singh', 'type': 'artist', 'uri': 'spotify:artist:4YRxDV8wJFPHPTeXepOstw'}]",274000,3trnNo4KeaUlFuUiV7iRCj,Tera Chehra,2yYfIOq25JQWvUQ9AR172D,9,Sanam Teri Kasam (Original Motion Picture Soundtrack),2016-01-06,"[{'external_urls': {'spotify': 'https://open.spotify.com/artist/0sSxphmGskGCKlwB9xa6WU'}, 'href': 'https://api.spotify.com/v1/artists/0sSxphmGskGCKlwB9xa6WU', 'id': '0sSxphmGskGCKlwB9xa6WU', 'name': 'Himesh Reshammiya', 'type': 'artist', 'uri': 'spotify:artist:0sSxphmGskGCKlwB9xa6WU'}]",Himesh Reshammiya,0sSxphmGskGCKlwB9xa6WU,both
"[{'external_urls': {'spotify': 'https://open.spotify.com/artist/4YRxDV8wJFPHPTeXepOstw'}, 'href': 'https://api.spotify.com/v1/artists/4YRxDV8wJFPHPTeXepOstw', 'id': '4YRxDV8wJFPHPTeXepOstw', 'name': 'Arijit Singh', 'type': 'artist', 'uri': 'spotify:artist:4YRxDV8wJFPHPTeXepOstw'}]",256000,4HCh7uiSv1cwmtkoahFP8k,Main Teri Yaadon Mein,2yYfIOq25JQWvUQ9AR172D,9,Sanam Teri Kasam (Original Motion Picture Soundtrack),2016-01-06,"[{'external_urls': {'spotify': 'https://open.spotify.com/artist/0sSxphmGskGCKlwB9xa6WU'}, 'href': 'https://api.spotify.com/v1/artists/0sSxphmGskGCKlwB9xa6WU', 'id': '0sSxphmGskGCKlwB9xa6WU', 'name': 'Himesh Reshammiya', 'type': 'artist', 'uri': 'spotify:artist:0sSxphmGskGCKlwB9xa6WU'}]",Himesh Reshammiya,0sSxphmGskGCKlwB9xa6WU,both
"[{'external_urls': {'spotify': 'https://open.spotify.com/artist/3gBKY0y3dFFVRqicLnVZYz'}, 'href': 'https://api.spotify.com/v1/artists/3gBKY0y3dFFVRqicLnVZYz', 'id': '3gBKY0y3dFFVRqicLnVZYz', 'name': 'Alka Yagnik', 'type': 'artist', 'uri': 'spotify:artist:3gBKY0y3dFFVRqicLnVZYz'}, {'external_urls': {'spotify': 'https://open.spotify.com/artist/4YRxDV8wJFPHPTeXepOstw'}, 'href': 'https://api.spotify.com/v1/artists/4YRxDV8wJFPHPTeXepOstw', 'id': '4YRxDV8wJFPHPTeXepOstw', 'name': 'Arijit Singh', 'type': 'artist', 'uri': 'spotify:artist:4YRxDV8wJFPHPTeXepOstw'}]",341054,3hkC9EHFZNQPXrtl8WPHnX,Agar Tum Saath Ho,2CUXo26JAWIbQx0EVMnjpA,9,Tamasha,2015-10-16,"[{'external_urls': {'spotify': 'https://open.spotify.com/artist/1mYsTxnqsietFxj1OgoGbG'}, 'href': 'https://api.spotify.com/v1/artists/1mYsTxnqsietFxj1OgoGbG', 'id': '1mYsTxnqsietFxj1OgoGbG', 'name': 'A.R. Rahman', 'type': 'artist', 'uri': 'spotify:artist:1mYsTxnqsietFxj1OgoGbG'}, {'external_urls': {'spotify': 'https://open.spotify.com/artist/3GdSQUH1BRtl9UrrtuwJlP'}, 'href': 'https://api.spotify.com/v1/artists/3GdSQUH1BRtl9UrrtuwJlP', 'id': '3GdSQUH1BRtl9UrrtuwJlP', 'name': 'Irshad Kamil', 'type': 'artist', 'uri': 'spotify:artist:3GdSQUH1BRtl9UrrtuwJlP'}]",A.R. Rahman,1mYsTxnqsietFxj1OgoGbG,both
"[{'external_urls': {'spotify': 'https://open.spotify.com/artist/4YRxDV8wJFPHPTeXepOstw'}, 'href': 'https://api.spotify.com/v1/artists/4YRxDV8wJFPHPTeXepOstw', 'id': '4YRxDV8wJFPHPTeXepOstw', 'name': 'Arijit Singh', 'type': 'artist', 'uri': 'spotify:artist:4YRxDV8wJFPHPTeXepOstw'}, {'external_urls': {'spotify': 'https://open.spotify.com/artist/6iv4lysB1yHXoZJ2gfqTdh'}, 'href': 'https://api.spotify.com/v1/artists/6iv4lysB1yHXoZJ2gfqTdh', 'id': '6iv4lysB1yHXoZJ2gfqTdh', 'name': 'Shashwat Singh', 'type': 'artist', 'uri': 'spotify:artist:6iv4lysB1yHXoZJ2gfqTdh'}]",298492,56QlBs4D15jQWukc0hLCDI,Wat Wat Wat,2CUXo26JAWIbQx0EVMnjpA,9,Tamasha,2015-10-16,"[{'external_urls': {'spotify': 'https://open.spotify.com/artist/1mYsTxnqsietFxj1OgoGbG'}, 'href': 'https://api.spotify.com/v1/artists/1mYsTxnqsietFxj1OgoGbG', 'id': '1mYsTxnqsietFxj1OgoGbG', 'name': 'A.R. Rahman', 'type': 'artist', 'uri': 'spotify:artist:1mYsTxnqsietFxj1OgoGbG'}, {'external_urls': {'spotify': 'https://open.spotify.com/artist/3GdSQUH1BRtl9UrrtuwJlP'}, 'href': 'https://api.spotify.com/v1/artists/3GdSQUH1BRtl9UrrtuwJlP', 'id': '3GdSQUH1BRtl9UrrtuwJlP', 'name': 'Irshad Kamil', 'type': 'artist', 'uri': 'spotify:artist:3GdSQUH1BRtl9UrrtuwJlP'}]",A.R. Rahman,1mYsTxnqsietFxj1OgoGbG,both
"[{'external_urls': {'spotify': 'https://open.spotify.com/artist/1wRPtKGflJrBx9BmLsSwlU'}, 'href': 'https://api.spotify.com/v1/artists/1wRPtKGflJrBx9BmLsSwlU', 'id': '1wRPtKGflJrBx9BmLsSwlU', 'name': 'Pritam', 'type': 'artist', 'uri': 'spotify:artist:1wRPtKGflJrBx9BmLsSwlU'}, {'external_urls': {'spotify': 'https://open.spotify.com/artist/4YRxDV8wJFPHPTeXepOstw'}, 'href': 'https://api.spotify.com/v1/artists/4YRxDV8wJFPHPTeXepOstw', 'id': '4YRxDV8wJFPHPTeXepOstw', 'name': 'Arijit Singh', 'type': 'artist', 'uri': 'spotify:artist:4YRxDV8wJFPHPTeXepOstw'}]",258036,5qtEWwRUX3GKgpWwDQf9SA,Woh Din,2Svje8vKEM4VCKxoRyAvA4,7,Chhichhore,2019-08-31,"[{'external_urls': {'spotify': 'https://open.spotify.com/artist/1wRPtKGflJrBx9BmLsSwlU'}, 'href': 'https://api.spotify.com/v1/artists/1wRPtKGflJrBx9BmLsSwlU', 'id': '1wRPtKGflJrBx9BmLsSwlU', 'name': 'Pritam', 'type': 'artist', 'uri': 'spotify:artist:1wRPtKGflJrBx9BmLsSwlU'}]",Pritam,1wRPtKGflJrBx9BmLsSwlU,both
"[{'external_urls': {'spotify': 'https://open.spotify.com/artist/1wRPtKGflJrBx9BmLsSwlU'}, 'href': 'https://api.spotify.com/v1/artists/1wRPtKGflJrBx9BmLsSwlU', 'id': '1wRPtKGflJrBx9BmLsSwlU', 'name': 'Pritam', 'type': 'artist', 'uri': 'spotify:artist:1wRPtKGflJrBx9BmLsSwlU'}, {'external_urls': {'spotify': 'https://open.spotify.com/artist/4YRxDV8wJFPHPTeXepOstw'}, 'href': 'https://api.spotify.com/v1/artists/4YRxDV8wJFPHPTeXepOstw', 'id': '4YRxDV8wJFPHPTeXepOstw', 'name': 'Arijit Singh', 'type': 'artist', 'uri': 'spotify:artist:4YRxDV8wJFPHPTeXepOstw'}]",280281,5O932cZmzOZGOGZz9RHx20,Khairiyat,2Svje8vKEM4VCKxoRyAvA4,7,Chhichhore,2019-08-31,"[{'external_urls': {'spotify': 'https://open.spotify.com/artist/1wRPtKGflJrBx9BmLsSwlU'}, 'href': 'https://api.spotify.com/v1/artists/1wRPtKGflJrBx9BmLsSwlU', 'id': '1wRPtKGflJrBx9BmLsSwlU', 'name': 'Pritam', 'type': 'artist', 'uri': 'spotify:artist:1wRPtKGflJrBx9BmLsSwlU'}]",Pritam,1wRPtKGflJrBx9BmLsSwlU,both
"[{'external_urls': {'spotify': 'https://open.spotify.com/artist/1wRPtKGflJrBx9BmLsSwlU'}, 'href': 'https://api.spotify.com/v1/artists/1wRPtKGflJrBx9BmLsSwlU', 'id': '1wRPtKGflJrBx9BmLsSwlU', 'name': 'Pritam', 'type': 'artist', 'uri': 'spotify:artist:1wRPtKGflJrBx9BmLsSwlU'}, {'external_urls': {'spotify': 'https://open.spotify.com/artist/4YRxDV8wJFPHPTeXepOstw'}, 'href': 'https://api.spotify.com/v1/artists/4YRxDV8wJFPHPTeXepOstw', 'id': '4YRxDV8wJFPHPTeXepOstw', 'name': 'Arijit Singh', 'type': 'artist', 'uri': 'spotify:artist:4YRxDV8wJFPHPTeXepOstw'}]",270706,3oM90C4SZLYzVZJEZD5EQk,Khairiyat (Bonus Track),2Svje8vKEM4VCKxoRyAvA4,7,Chhichhore,2019-08-31,"[{'external_urls': {'spotify': 'https://open.spotify.com/artist/1wRPtKGflJrBx9BmLsSwlU'}, 'href': 'https://api.spotify.com/v1/artists/1wRPtKGflJrBx9BmLsSwlU', 'id': '1wRPtKGflJrBx9BmLsSwlU', 'name': 'Pritam', 'type': 'artist', 'uri': 'spotify:artist:1wRPtKGflJrBx9BmLsSwlU'}]",Pritam,1wRPtKGflJrBx9BmLsSwlU,both
"[{'external_urls': {'spotify': 'https://open.spotify.com/artist/4zCH9qm4R2DADamUHMCa6O'}, 'href': 'https://api.spotify.com/v1/artists/4zCH9qm4R2DADamUHMCa6O', 'id': '4zCH9qm4R2DADamUHMCa6O', 'name': 'Anirudh Ravichander', 'type': 'artist', 'uri': 'spotify:artist:4zCH9qm4R2DADamUHMCa6O'}, {'external_urls': {'spotify': 'https://open.spotify.com/artist/4YRxDV8wJFPHPTeXepOstw'}, 'href': 'https://api.spotify.com/v1/artists/4YRxDV8wJFPHPTeXepOstw', 'id': '4YRxDV8wJFPHPTeXepOstw', 'name': 'Arijit Singh', 'type': 'artist', 'uri': 'spotify:artist:4YRxDV8wJFPHPTeXepOstw'}, {'external_urls': {'spotify': 'https://open.spotify.com/artist/19LIHDDSHBD5NyYHI3gpzB'}, 'href': 'https://api.spotify.com/v1/artists/19LIHDDSHBD5NyYHI3gpzB', 'id': '19LIHDDSHBD5NyYHI3gpzB', 'name': 'Shilpa Rao', 'type': 'artist', 'uri': 'spotify:artist:19LIHDDSHBD5NyYHI3gpzB'}, {'external_urls': {'spotify': 'https://open.spotify.com/artist/0m3D4grap8VFSzbJMqgNVk'}, 'href': 'https://api.spotify.com/v1/artists/0m3D4grap8VFSzbJMqgNVk', 'id': '0m3D4grap8VFSzbJMqgNVk', 'name': 'Kumaar', 'type': 'artist', 'uri': 'spotify:artist:0m3D4grap8VFSzbJMqgNVk'}]",200373,3xMHXmedL5Rvfxmiar9Ryv,Chaleya,3WLJmMZUeDOuERFAk1Mxs6,7,Jawan,2023-09-05,"[{'external_urls': {'spotify': 'https://open.spotify.com/artist/4zCH9qm4R2DADamUHMCa6O'}, 'href': 'https://api.spotify.com/v1/artists/4zCH9qm4R2DADamUHMCa6O', 'id': '4zCH9qm4R2DADamUHMCa6O', 'name': 'Anirudh Ravichander', 'type': 'artist', 'uri': 'spotify:artist:4zCH9qm4R2DADamUHMCa6O'}]",Anirudh Ravichander,4zCH9qm4R2DADamUHMCa6O,both
"[{'external_urls': {'spotify': 'https://open.spotify.com/artist/4zCH9qm4R2DADamUHMCa6O'}, 'href': 'https://api.spotify.com/v1/artists/4zCH9qm4R2DADamUHMCa6O', 'id': '4zCH9qm4R2DADamUHMCa6O', 'name': 'Anirudh Ravichander', 'type': 'artist', 'uri': 'spotify:artist:4zCH9qm4R2DADamUHMCa6O'}, {'external_urls': {'spotify': 'https://open.spotify.com/artist/4YRxDV8wJFPHPTeXepOstw'}, 'href': 'https://api.spotify.com/v1/artists/4YRxDV8wJFPHPTeXepOstw', 'id': '4YRxDV8wJFPHPTeXepOstw', 'name': 'Arijit Singh', 'type': 'artist', 'uri': 'spotify:artist:4YRxDV8wJFPHPTeXepOstw'}, {'external_urls': {'spotify': 'https://open.spotify.com/artist/00sCATpEvwH48ays7PlQFU'}, 'href': 'https://api.spotify.com/v1/artists/00sCATpEvwH48ays7PlQFU', 'id': '00sCATpEvwH48ays7PlQFU', 'name': 'Jonita Gandhi', 'type': 'artist', 'uri': 'spotify:artist:00sCATpEvwH48ays7PlQFU'}, {'external_urls': {'spotify': 'https://open.spotify.com/artist/0y59o4v8uw5crbN9M3JiL1'}, 'href': 'https://api.spotify.com/v1/artists/0y59o4v8uw5crbN9M3JiL1', 'id': '0y59o4v8uw5crbN9M3JiL1', 'name': 'Badshah', 'type': 'artist', 'uri': 'spotify:artist:0y59o4v8uw5crbN9M3JiL1'}, {'external_urls': {'spotify': 'https://open.spotify.com/artist/0m3D4grap8VFSzbJMqgNVk'}, 'href': 'https://api.spotify.com/v1/artists/0m3D4grap8VFSzbJMqgNVk', 'id': '0m3D4grap8VFSzbJMqgNVk', 'name': 'Kumaar', 'type': 'artist', 'uri': 'spotify:artist:0m3D4grap8VFSzbJMqgNVk'}]",195381,3qxLYSU1s5pqk8rz6dJNVi,Faraatta,3WLJmMZUeDOuERFAk1Mxs6,7,Jawan,2023-09-05,"[{'external_urls': {'spotify': 'https://open.spotify.com/artist/4zCH9qm4R2DADamUHMCa6O'}, 'href': 'https://api.spotify.com/v1/artists/4zCH9qm4R2DADamUHMCa6O', 'id': '4zCH9qm4R2DADamUHMCa6O', 'name': 'Anirudh Ravichander', 'type': 'artist', 'uri': 'spotify:artist:4zCH9qm4R2DADamUHMCa6O'}]",Anirudh Ravichander,4zCH9qm4R2DADamUHMCa6O,both
"[{'external_urls': {'spotify': 'https://open.spotify.com/artist/6QtJ6BVdj43aDpgjnVp2tY'}, 'href': 'https://api.spotify.com/v1/artists/6QtJ6BVdj43aDpgjnVp2tY', 'id': '6QtJ6BVdj43aDpgjnVp2tY', 'name': 'Mohammed Irfan', 'type': 'artist', 'uri': 'spotify:artist:6QtJ6BVdj43aDpgjnVp2tY'}, {'external_urls': {'spotify': 'https://open.spotify.com/artist/4YRxDV8wJFPHPTeXepOstw'}, 'href': 'https://api.spotify.com/v1/artists/4YRxDV8wJFPHPTeXepOstw', 'id': '4YRxDV8wJFPHPTeXepOstw', 'name': 'Arijit Singh', 'type': 'artist', 'uri': 'spotify:artist:4YRxDV8wJFPHPTeXepOstw'}, {'external_urls': {'spotify': 'https://open.spotify.com/artist/0HIpVOzrDwqiI5wP56soMK'}, 'href': 'https://api.spotify.com/v1/artists/0HIpVOzrDwqiI5wP56soMK', 'id': '0HIpVOzrDwqiI5wP56soMK', 'name': 'Saim Bhat', 'type': 'artist', 'uri': 'spotify:artist:0HIpVOzrDwqiI5wP56soMK'}]",329851,2b2HutIDmoeBnnKRWDLAtV,Phir Mohabbat,1vUKBCizrhzhTZ8tgqL8db,8,Murder 2,2011-05-30,"[{'external_urls': {'spotify': 'https://open.spotify.com/artist/4auibajZua9Ld8sPMOmPYc'}, 'href': 'https://api.spotify.com/v1/artists/4auibajZua9Ld8sPMOmPYc', 'id': '4auibajZua9Ld8sPMOmPYc', 'name': 'Harshit Saxena', 'type': 'artist', 'uri': 'spotify:artist:4auibajZua9Ld8sPMOmPYc'}, {'external_urls': {'spotify': 'https://open.spotify.com/artist/4RnBspN4LbLQPAiKuSvOdV'}, 'href': 'https://api.spotify.com/v1/artists/4RnBspN4LbLQPAiKuSvOdV', 'id': '4RnBspN4LbLQPAiKuSvOdV', 'name': 'Sangeet & Siddharth', 'type': 'artist', 'uri': 'spotify:artist:4RnBspN4LbLQPAiKuSvOdV'}, {'external_urls': {'spotify': 'https://open.spotify.com/artist/09UmIX92EUH9hAK4bxvHx6'}, 'href': 'https://api.spotify.com/v1/artists/09UmIX92EUH9hAK4bxvHx6', 'id': '09UmIX92EUH9hAK4bxvHx6', 'name': 'Mithoon', 'type': 'artist', 'uri': 'spotify:artist:09UmIX92EUH9hAK4bxvHx6'}]",Harshit Saxena,4auibajZua9Ld8sPMOmPYc,both
"[{'external_urls': {'spotify': 'https://open.spotify.com/artist/4YRxDV8wJFPHPTeXepOstw'}, 'href': 'https://api.spotify.com/v1/artists/4YRxDV8wJFPHPTeXepOstw', 'id': '4YRxDV8wJFPHPTeXepOstw', 'name': 'Arijit Singh', 'type': 'artist', 'uri': 'spotify:artist:4YRxDV8wJFPHPTeXepOstw'}, {'external_urls': {'spotify': 'https://open.spotify.com/artist/4iW4xSfMEIvrXM0Iu3aFDY'}, 'href': 'https://api.spotify.com/v1/artists/4iW4xSfMEIvrXM0Iu3aFDY', 'id': '4iW4xSfMEIvrXM0Iu3aFDY', 'name': 'Aditi Singh Sharma', 'type': 'artist', 'uri': 'spotify:artist:4iW4xSfMEIvrXM0Iu3aFDY'}]",264854,48pyUxg9RYuwie5M9R7qRn,Sooraj Dooba Hain,4ixAjixkWs8mCNdlTH1Cdf,7,Roy,2015-01-09,"[{'external_urls': {'spotify': 'https://open.spotify.com/artist/76fuWYgIf3TVIopTs3vaJ6'}, 'href': 'https://api.spotify.com/v1/artists/76fuWYgIf3TVIopTs3vaJ6', 'id': '76fuWYgIf3TVIopTs3vaJ6', 'name': 'Amaal Mallik', 'type': 'artist', 'uri': 'spotify:artist:76fuWYgIf3TVIopTs3vaJ6'}, {'external_urls': {'spotify': 'https://open.spotify.com/artist/0E02VcvA5p1ndkLdqWD5JB'}, 'href': 'https://api.spotify.com/v1/artists/0E02VcvA5p1ndkLdqWD5JB', 'id': '0E02VcvA5p1ndkLdqWD5JB', 'name': 'Ankit Tiwari', 'type': 'artist', 'uri': 'spotify:artist:0E02VcvA5p1ndkLdqWD5JB'}, {'external_urls': {'spotify': 'https://open.spotify.com/artist/5isfxZ3RSdBlSLn3cSFhnI'}, 'href': 'https://api.spotify.com/v1/artists/5isfxZ3RSdBlSLn3cSFhnI', 'id': '5isfxZ3RSdBlSLn3cSFhnI', 'name': 'Meet Bros Anjjan', 'type': 'artist', 'uri': 'spotify:artist:5isfxZ3RSdBlSLn3cSFhnI'}]",Amaal Mallik,76fuWYgIf3TVIopTs3vaJ6,both
"[{'external_urls': {'spotify': 'https://open.spotify.com/artist/4iW4xSfMEIvrXM0Iu3aFDY'}, 'href': 'https://api.spotify.com/v1/artists/4iW4xSfMEIvrXM0Iu3aFDY', 'id': '4iW4xSfMEIvrXM0Iu3aFDY', 'name': 'Aditi Singh Sharma', 'type': 'artist', 'uri': 'spotify:artist:4iW4xSfMEIvrXM0Iu3aFDY'}, {'external_urls': {'spotify': 'https://open.spotify.com/artist/4YRxDV8wJFPHPTeXepOstw'}, 'href': 'https://api.spotify.com/v1/artists/4YRxDV8wJFPHPTeXepOstw', 'id': '4YRxDV8wJFPHPTeXepOstw', 'name': 'Arijit Singh', 'type': 'artist', 'uri': 'spotify:artist:4YRxDV8wJFPHPTeXepOstw'}]",264721,2rSCesM8QQvGjvkJg3xsOS,Sooraj Dooba Hain,4ixAjixkWs8mCNdlTH1Cdf,7,Roy,2015-01-09,"[{'external_urls': {'spotify': 'https://open.spotify.com/artist/76fuWYgIf3TVIopTs3vaJ6'}, 'href': 'https://api.spotify.com/v1/artists/76fuWYgIf3TVIopTs3vaJ6', 'id': '76fuWYgIf3TVIopTs3vaJ6', 'name': 'Amaal Mallik', 'type': 'artist', 'uri': 'spotify:artist:76fuWYgIf3TVIopTs3vaJ6'}, {'external_urls': {'spotify': 'https://open.spotify.com/artist/0E02VcvA5p1ndkLdqWD5JB'}, 'href': 'https://api.spotify.com/v1/artists/0E02VcvA5p1ndkLdqWD5JB', 'id': '0E02VcvA5p1ndkLdqWD5JB', 'name': 'Ankit Tiwari', 'type': 'artist', 'uri': 'spotify:artist:0E02VcvA5p1ndkLdqWD5JB'}, {'external_urls': {'spotify': 'https://open.spotify.com/artist/5isfxZ3RSdBlSLn3cSFhnI'}, 'href': 'https://api.spotify.com/v1/artists/5isfxZ3RSdBlSLn3cSFhnI', 'id': '5isfxZ3RSdBlSLn3cSFhnI', 'name': 'Meet Bros Anjjan', 'type': 'artist', 'uri': 'spotify:artist:5isfxZ3RSdBlSLn3cSFhnI'}]",Amaal Mallik,76fuWYgIf3TVIopTs3vaJ6,both
"[{'external_urls': {'spotify': 'https://open.spotify.com/artist/1wRPtKGflJrBx9BmLsSwlU'}, 'href': 'https://api.spotify.com/v1/artists/1wRPtKGflJrBx9BmLsSwlU', 'id': '1wRPtKGflJrBx9BmLsSwlU', 'name': 'Pritam', 'type': 'artist', 'uri': 'spotify:artist:1wRPtKGflJrBx9BmLsSwlU'}, {'external_urls': {'spotify': 'https://open.spotify.com/artist/0ySU451Z1RKPLEjrjeJCTB'}, 'href': 'https://api.spotify.com/v1/artists/0ySU451Z1RKPLEjrjeJCTB', 'id': '0ySU451Z1RKPLEjrjeJCTB', 'name': 'Hamsika', 'type': 'artist', 'uri': 'spotify:artist:0ySU451Z1RKPLEjrjeJCTB'}, {'external_urls': {'spotify': 'https://open.spotify.com/artist/4YRxDV8wJFPHPTeXepOstw'}, 'href': 'https://api.spotify.com/v1/artists/4YRxDV8wJFPHPTeXepOstw', 'id': '4YRxDV8wJFPHPTeXepOstw', 'name': 'Arijit Singh', 'type': 'artist', 'uri': 'spotify:artist:4YRxDV8wJFPHPTeXepOstw'}, {'external_urls': {'spotify': 'https://open.spotify.com/artist/4WE5a7bSjZ1IDwwSIuW3YM'}, 'href': 'https://api.spotify.com/v1/artists/4WE5a7bSjZ1IDwwSIuW3YM', 'id': '4WE5a7bSjZ1IDwwSIuW3YM', 'name': 'Joi', 'type': 'artist', 'uri': 'spotify:artist:4WE5a7bSjZ1IDwwSIuW3YM'}]",287651,6BQWmYuo5aO5och7iUg6Oj,Raabta (Siyaah Raatein),2DqQ34i4uuuZWTScsGIgHr,12,Agent Vinod,2012-02-24,"[{'external_urls': {'spotify': 'https://open.spotify.com/artist/1wRPtKGflJrBx9BmLsSwlU'}, 'href': 'https://api.spotify.com/v1/artists/1wRPtKGflJrBx9BmLsSwlU', 'id': '1wRPtKGflJrBx9BmLsSwlU', 'name': 'Pritam', 'type': 'artist', 'uri': 'spotify:artist:1wRPtKGflJrBx9BmLsSwlU'}]",Pritam,1wRPtKGflJrBx9BmLsSwlU,both
"[{'external_urls': {'spotify': 'https://open.spotify.com/artist/1wRPtKGflJrBx9BmLsSwlU'}, 'href': 'https://api.spotify.com/v1/artists/1wRPtKGflJrBx9BmLsSwlU', 'id': '1wRPtKGflJrBx9BmLsSwlU', 'name': 'Pritam', 'type': 'artist', 'uri': 'spotify:artist:1wRPtKGflJrBx9BmLsSwlU'}, {'external_urls': {'spotify': 'https://open.spotify.com/artist/0ySU451Z1RKPLEjrjeJCTB'}, 'href': 'https://api.spotify.com/v1/artists/0ySU451Z1RKPLEjrjeJCTB', 'id': '0ySU451Z1RKPLEjrjeJCTB', 'name': 'Hamsika', 'type': 'artist', 'uri': 'spotify:artist:0ySU451Z1RKPLEjrjeJCTB'}, {'external_urls': {'spotify': 'https://open.spotify.com/artist/4YRxDV8wJFPHPTeXepOstw'}, 'href': 'https://api.spotify.com/v1/artists/4YRxDV8wJFPHPTeXepOstw', 'id': '4YRxDV8wJFPHPTeXepOstw', 'name': 'Arijit Singh', 'type': 'artist', 'uri': 'spotify:artist:4YRxDV8wJFPHPTeXepOstw'}]",207754,7viKJxrTrzfVsifsDpsBnj,Raabta (Night In A Motel),2DqQ34i4uuuZWTScsGIgHr,12,Agent Vinod,2012-02-24,"[{'external_urls': {'spotify': 'https://open.spotify.com/artist/1wRPtKGflJrBx9BmLsSwlU'}, 'href': 'https://api.spotify.com/v1/artists/1wRPtKGflJrBx9BmLsSwlU', 'id': '1wRPtKGflJrBx9BmLsSwlU', 'name': 'Pritam', 'type': 'artist', 'uri': 'spotify:artist:1wRPtKGflJrBx9BmLsSwlU'}]",Pritam,1wRPtKGflJrBx9BmLsSwlU,both
"[{'external_urls': {'spotify': 'https://open.spotify.com/artist/1wRPtKGflJrBx9BmLsSwlU'}, 'href': 'https://api.spotify.com/v1/artists/1wRPtKGflJrBx9BmLsSwlU', 'id': '1wRPtKGflJrBx9BmLsSwlU', 'name': 'Pritam', 'type': 'artist', 'uri': 'spotify:artist:1wRPtKGflJrBx9BmLsSwlU'}, {'external_urls': {'spotify': 'https://open.spotify.com/artist/4YRxDV8wJFPHPTeXepOstw'}, 'href': 'https://api.spotify.com/v1/artists/4YRxDV8wJFPHPTeXepOstw', 'id': '4YRxDV8wJFPHPTeXepOstw', 'name': 'Arijit Singh', 'type': 'artist', 'uri': 'spotify:artist:4YRxDV8wJFPHPTeXepOstw'}]",243578,6FjbAnaPRPwiP3sciEYctO,Raabta,2DqQ34i4uuuZWTScsGIgHr,12,Agent Vinod,2012-02-24,"[{'external_urls': {'spotify': 'https://open.spotify.com/artist/1wRPtKGflJrBx9BmLsSwlU'}, 'href': 'https://api.spotify.com/v1/artists/1wRPtKGflJrBx9BmLsSwlU', 'id': '1wRPtKGflJrBx9BmLsSwlU', 'name': 'Pritam', 'type': 'artist', 'uri': 'spotify:artist:1wRPtKGflJrBx9BmLsSwlU'}]",Pritam,1wRPtKGflJrBx9BmLsSwlU,both
"[{'external_urls': {'spotify': 'https://open.spotify.com/artist/1wRPtKGflJrBx9BmLsSwlU'}, 'href': 'https://api.spotify.com/v1/artists/1wRPtKGflJrBx9BmLsSwlU', 'id': '1wRPtKGflJrBx9BmLsSwlU', 'name': 'Pritam', 'type': 'artist', 'uri': 'spotify:artist:1wRPtKGflJrBx9BmLsSwlU'}, {'external_urls': {'spotify': 'https://open.spotify.com/artist/0oOet2f43PA68X5RxKobEy'}, 'href': 'https://api.spotify.com/v1/artists/0oOet2f43PA68X5RxKobEy', 'id': '0oOet2f43PA68X5RxKobEy', 'name': 'Shreya Ghoshal', 'type': 'artist', 'uri': 'spotify:artist:0oOet2f43PA68X5RxKobEy'}, {'external_urls': {'spotify': 'https://open.spotify.com/artist/4YRxDV8wJFPHPTeXepOstw'}, 'href': 'https://api.spotify.com/v1/artists/4YRxDV8wJFPHPTeXepOstw', 'id': '4YRxDV8wJFPHPTeXepOstw', 'name': 'Arijit Singh', 'type': 'artist', 'uri': 'spotify:artist:4YRxDV8wJFPHPTeXepOstw'}]",289196,11PgL2XjsTBszhAPqttBJS,Raabta (Kehte Hain Khuda Ne),2DqQ34i4uuuZWTScsGIgHr,12,Agent Vinod,2012-02-24,"[{'external_urls': {'spotify': 'https://open.spotify.com/artist/1wRPtKGflJrBx9BmLsSwlU'}, 'href': 'https://api.spotify.com/v1/artists/1wRPtKGflJrBx9BmLsSwlU', 'id': '1wRPtKGflJrBx9BmLsSwlU', 'name': 'Pritam', 'type': 'artist', 'uri': 'spotify:artist:1wRPtKGflJrBx9BmLsSwlU'}]",Pritam,1wRPtKGflJrBx9BmLsSwlU,both
"[{'external_urls': {'spotify': 'https://open.spotify.com/artist/3eDT9fwXKuHWFvgZaaYC5v'}, 'href': 'https://api.spotify.com/v1/artists/3eDT9fwXKuHWFvgZaaYC5v', 'id': '3eDT9fwXKuHWFvgZaaYC5v', 'name': 'Sunidhi Chauhan', 'type': 'artist', 'uri': 'spotify:artist:3eDT9fwXKuHWFvgZaaYC5v'}, {'external_urls': {'spotify': 'https://open.spotify.com/artist/4YRxDV8wJFPHPTeXepOstw'}, 'href': 'https://api.spotify.com/v1/artists/4YRxDV8wJFPHPTeXepOstw', 'id': '4YRxDV8wJFPHPTeXepOstw', 'name': 'Arijit Singh', 'type': 'artist', 'uri': 'spotify:artist:4YRxDV8wJFPHPTeXepOstw'}, {'external_urls': {'spotify': 'https://open.spotify.com/artist/3ZxZ03fj3tXBZHZWzvaLSM'}, 'href': 'https://api.spotify.com/v1/artists/3ZxZ03fj3tXBZHZWzvaLSM', 'id': '3ZxZ03fj3tXBZHZWzvaLSM', 'name': 'Neeti Mohan', 'type': 'artist', 'uri': 'spotify:artist:3ZxZ03fj3tXBZHZWzvaLSM'}]",307627,5orNEFkFG4RP24goF02AuD,Kashmir Main Tu Kanyakumari,08hhqmG2yI7741tXn2Zs4g,8,Chennai Express,2013-07-03,"[{'external_urls': {'spotify': 'https://open.spotify.com/artist/6Mv8GjQa7LKUGCAqa9qqdb'}, 'href': 'https://api.spotify.com/v1/artists/6Mv8GjQa7LKUGCAqa9qqdb', 'id': '6Mv8GjQa7LKUGCAqa9qqdb', 'name': 'Vishal-Shekhar', 'type': 'artist', 'uri': 'spotify:artist:6Mv8GjQa7LKUGCAqa9qqdb'}]",Vishal-Shekhar,6Mv8GjQa7LKUGCAqa9qqdb,both
"[{'external_urls': {'spotify': 'https://open.spotify.com/artist/6CXEwIaXYfVJ84biCxqc9k'}, 'href': 'https://api.spotify.com/v1/artists/6CXEwIaXYfVJ84biCxqc9k', 'id': '6CXEwIaXYfVJ84biCxqc9k', 'name': 'Vishal Dadlani', 'type': 'artist', 'uri': 'spotify:artist:6CXEwIaXYfVJ84biCxqc9k'}, {'external_urls': {'spotify': 'https://open.spotify.com/artist/35jsUTwBj5cW9GuNB7Xp61'}, 'href': 'https://api.spotify.com/v1/artists/35jsUTwBj5cW9GuNB7Xp61', 'id': '35jsUTwBj5cW9GuNB7Xp61', 'name': 'Hamsika Iyer', 'type': 'artist', 'uri': 'spotify:artist:35jsUTwBj5cW9GuNB7Xp61'}, {'external_urls': {'spotify': 'https://open.spotify.com/artist/5UJ2sHO2ELrgW6aXeRLTQQ'}, 'href': 'https://api.spotify.com/v1/artists/5UJ2sHO2ELrgW6aXeRLTQQ', 'id': '5UJ2sHO2ELrgW6aXeRLTQQ', 'name': 'Chinmayi', 'type': 'artist', 'uri': 'spotify:artist:5UJ2sHO2ELrgW6aXeRLTQQ'}, {'external_urls': {'spotify': 'https://open.spotify.com/artist/4xlqU0G9EloUPHL1qlmWY6'}, 'href': 'https://api.spotify.com/v1/artists/4xlqU0G9EloUPHL1qlmWY6', 'id': '4xlqU0G9EloUPHL1qlmWY6', 'name': 'Gopi Sundar', 'type': 'artist', 'uri': 'spotify:artist:4xlqU0G9EloUPHL1qlmWY6'}, {'external_urls': {'spotify': 'https://open.spotify.com/artist/2fMqTqiTxUDlmcOEPaQSsx'}, 'href': 'https://api.spotify.com/v1/artists/2fMqTqiTxUDlmcOEPaQSsx', 'id': '2fMqTqiTxUDlmcOEPaQSsx', 'name': 'Amitabh Bhattacharya', 'type': 'artist', 'uri': 'spotify:artist:2fMqTqiTxUDlmcOEPaQSsx'}, {'external_urls': {'spotify': 'https://open.spotify.com/artist/03yzClwzHK7M7wiQMQixry'}, 'href': 'https://api.spotify.com/v1/artists/03yzClwzHK7M7wiQMQixry', 'id': '03yzClwzHK7M7wiQMQixry', 'name': 'Anusha Mani', 'type': 'artist', 'uri': 'spotify:artist:03yzClwzHK7M7wiQMQixry'}, {'external_urls': {'spotify': 'https://open.spotify.com/artist/3eDT9fwXKuHWFvgZaaYC5v'}, 'href': 'https://api.spotify.com/v1/artists/3eDT9fwXKuHWFvgZaaYC5v', 'id': '3eDT9fwXKuHWFvgZaaYC5v', 'name': 'Sunidhi Chauhan', 'type': 'artist', 'uri': 'spotify:artist:3eDT9fwXKuHWFvgZaaYC5v'}, {'external_urls': {'spotify': 'https://open.spotify.com/artist/4YRxDV8wJFPHPTeXepOstw'}, 'href': 'https://api.spotify.com/v1/artists/4YRxDV8wJFPHPTeXepOstw', 'id': '4YRxDV8wJFPHPTeXepOstw', 'name': 'Arijit Singh', 'type': 'artist', 'uri': 'spotify:artist:4YRxDV8wJFPHPTeXepOstw'}, {'external_urls': {'spotify': 'https://open.spotify.com/artist/3ZxZ03fj3tXBZHZWzvaLSM'}, 'href': 'https://api.spotify.com/v1/artists/3ZxZ03fj3tXBZHZWzvaLSM', 'id': '3ZxZ03fj3tXBZHZWzvaLSM', 'name': 'Neeti Mohan', 'type': 'artist', 'uri': 'spotify:artist:3ZxZ03fj3tXBZHZWzvaLSM'}, {'external_urls': {'spotify': 'https://open.spotify.com/artist/6xl0mjD1B4paRyfPDUOynf'}, 'href': 'https://api.spotify.com/v1/artists/6xl0mjD1B4paRyfPDUOynf', 'id': '6xl0mjD1B4paRyfPDUOynf', 'name': 'Brodha V', 'type': 'artist', 'uri': 'spotify:artist:6xl0mjD1B4paRyfPDUOynf'}, {'external_urls': {'spotify': 'https://open.spotify.com/artist/7sXLRHrPFtUyS8rfluzj8b'}, 'href': 'https://api.spotify.com/v1/artists/7sXLRHrPFtUyS8rfluzj8b', 'id': '7sXLRHrPFtUyS8rfluzj8b', 'name': 'Smokey', 'type': 'artist', 'uri': 'spotify:artist:7sXLRHrPFtUyS8rfluzj8b'}, {'external_urls': {'spotify': 'https://open.spotify.com/artist/2KoCq1Fj7EfFpSm69UqCQK'}, 'href': 'https://api.spotify.com/v1/artists/2KoCq1Fj7EfFpSm69UqCQK', 'id': '2KoCq1Fj7EfFpSm69UqCQK', 'name': 'Enkore', 'type': 'artist', 'uri': 'spotify:artist:2KoCq1Fj7EfFpSm69UqCQK'}, {'external_urls': {'spotify': 'https://open.spotify.com/artist/2kUxI9BlfC8j2cx2hdkPIj'}, 'href': 'https://api.spotify.com/v1/artists/2kUxI9BlfC8j2cx2hdkPIj', 'id': '2kUxI9BlfC8j2cx2hdkPIj', 'name': 'Natalie Ram', 'type': 'artist', 'uri': 'spotify:artist:2kUxI9BlfC8j2cx2hdkPIj'}, {'external_urls': {'spotify': 'https://open.spotify.com/artist/2ae6PxICSOZHvjqiCcgon8'}, 'href': 'https://api.spotify.com/v1/artists/2ae6PxICSOZHvjqiCcgon8', 'id': '2ae6PxICSOZHvjqiCcgon8', 'name': 'S. P. Balasubrahmanyam', 'type': 'artist', 'uri': 'spotify:artist:2ae6PxICSOZHvjqiCcgon8'}, {'external_urls': {'spotify': 'https://open.spotify.com/artist/00sCATpEvwH48ays7PlQFU'}, 'href': 'https://api.spotify.com/v1/artists/00sCATpEvwH48ays7PlQFU', 'id': '00sCATpEvwH48ays7PlQFU', 'name': 'Jonita Gandhi', 'type': 'artist', 'uri': 'spotify:artist:00sCATpEvwH48ays7PlQFU'}, {'external_urls': {'spotify': 'https://open.spotify.com/artist/4Zzi5X3zg2yzMjkwwxaYe4'}, 'href': 'https://api.spotify.com/v1/artists/4Zzi5X3zg2yzMjkwwxaYe4', 'id': '4Zzi5X3zg2yzMjkwwxaYe4', 'name': 'Phoenyx', 'type': 'artist', 'uri': 'spotify:artist:4Zzi5X3zg2yzMjkwwxaYe4'}, {'external_urls': {'spotify': 'https://open.spotify.com/artist/3PM03jM3FqYLQqqHQMRNhU'}, 'href': 'https://api.spotify.com/v1/artists/3PM03jM3FqYLQqqHQMRNhU', 'id': '3PM03jM3FqYLQqqHQMRNhU', 'name': 'Zoheb Khan', 'type': 'artist', 'uri': 'spotify:artist:3PM03jM3FqYLQqqHQMRNhU'}, {'external_urls': {'spotify': 'https://open.spotify.com/artist/6vdtEGdFKh4hO5EcZgG7qh'}, 'href': 'https://api.spotify.com/v1/artists/6vdtEGdFKh4hO5EcZgG7qh', 'id': '6vdtEGdFKh4hO5EcZgG7qh', 'name': 'Kiran Kamath', 'type': 'artist', 'uri': 'spotify:artist:6vdtEGdFKh4hO5EcZgG7qh'}]",217051,4bN0xT7vNQZ4JbipOXPpn1,Chennai Express Mashup,08hhqmG2yI7741tXn2Zs4g,8,Chennai Express,2013-07-03,"[{'external_urls': {'spotify': 'https://open.spotify.com/artist/6Mv8GjQa7LKUGCAqa9qqdb'}, 'href': 'https://api.spotify.com/v1/artists/6Mv8GjQa7LKUGCAqa9qqdb', 'id': '6Mv8GjQa7LKUGCAqa9qqdb', 'name': 'Vishal-Shekhar', 'type': 'artist', 'uri': 'spotify:artist:6Mv8GjQa7LKUGCAqa9qqdb'}]",Vishal-Shekhar,6Mv8GjQa7LKUGCAqa9qqdb,both
"[{'external_urls': {'spotify': 'https://open.spotify.com/artist/4YRxDV8wJFPHPTeXepOstw'}, 'href': 'https://api.spotify.com/v1/artists/4YRxDV8wJFPHPTeXepOstw', 'id': '4YRxDV8wJFPHPTeXepOstw', 'name': 'Arijit Singh', 'type': 'artist', 'uri': 'spotify:artist:4YRxDV8wJFPHPTeXepOstw'}]",310000,1YMLgvsQdE27r30q0fsLeV,Tera Fitoor,3RtFFza4brQXoNSv19g1ps,7,Genius (Original Motion Picture Soundtrack),2018-08-24,"[{'external_urls': {'spotify': 'https://open.spotify.com/artist/0sSxphmGskGCKlwB9xa6WU'}, 'href': 'https://api.spotify.com/v1/artists/0sSxphmGskGCKlwB9xa6WU', 'id': '0sSxphmGskGCKlwB9xa6WU', 'name': 'Himesh Reshammiya', 'type': 'artist', 'uri': 'spotify:artist:0sSxphmGskGCKlwB9xa6WU'}]",Himesh Reshammiya,0sSxphmGskGCKlwB9xa6WU,both
"[{'external_urls': {'spotify': 'https://open.spotify.com/artist/1mBydYMVBECdDmMfE2sEUO'}, 'href': 'https://api.spotify.com/v1/artists/1mBydYMVBECdDmMfE2sEUO', 'id': '1mBydYMVBECdDmMfE2sEUO', 'name': 'Sachin-Jigar', 'type': 'artist', 'uri': 'spotify:artist:1mBydYMVBECdDmMfE2sEUO'}, {'external_urls': {'spotify': 'https://open.spotify.com/artist/4YRxDV8wJFPHPTeXepOstw'}, 'href': 'https://api.spotify.com/v1/artists/4YRxDV8wJFPHPTeXepOstw', 'id': '4YRxDV8wJFPHPTeXepOstw', 'name': 'Arijit Singh', 'type': 'artist', 'uri': 'spotify:artist:4YRxDV8wJFPHPTeXepOstw'}, {'external_urls': {'spotify': 'https://open.spotify.com/artist/2fMqTqiTxUDlmcOEPaQSsx'}, 'href': 'https://api.spotify.com/v1/artists/2fMqTqiTxUDlmcOEPaQSsx', 'id': '2fMqTqiTxUDlmcOEPaQSsx', 'name': 'Amitabh Bhattacharya', 'type': 'artist', 'uri': 'spotify:artist:2fMqTqiTxUDlmcOEPaQSsx'}]",261702,5bQ6oDLqvw8tywmnSmwEyL,Apna Bana Le,12sC6UjMWz6EaxnzyfCNMe,6,Bhediya (Original Motion Picture Soundtrack),2022-11-22,"[{'external_urls': {'spotify': 'https://open.spotify.com/artist/1mBydYMVBECdDmMfE2sEUO'}, 'href': 'https://api.spotify.com/v1/artists/1mBydYMVBECdDmMfE2sEUO', 'id': '1mBydYMVBECdDmMfE2sEUO', 'name': 'Sachin-Jigar', 'type': 'artist', 'uri': 'spotify:artist:1mBydYMVBECdDmMfE2sEUO'}]",Sachin-Jigar,1mBydYMVBECdDmMfE2sEUO,both
"[{'external_urls': {'spotify': 'https://open.spotify.com/artist/1mBydYMVBECdDmMfE2sEUO'}, 'href': 'https://api.spotify.com/v1/artists/1mBydYMVBECdDmMfE2sEUO', 'id': '1mBydYMVBECdDmMfE2sEUO', 'name': 'Sachin-Jigar', 'type': 'artist', 'uri': 'spotify:artist:1mBydYMVBECdDmMfE2sEUO'}, {'external_urls': {'spotify': 'https://open.spotify.com/artist/4YRxDV8wJFPHPTeXepOstw'}, 'href': 'https://api.spotify.com/v1/artists/4YRxDV8wJFPHPTeXepOstw', 'id': '4YRxDV8wJFPHPTeXepOstw', 'name': 'Arijit Singh', 'type': 'artist', 'uri': 'spotify:artist:4YRxDV8wJFPHPTeXepOstw'}, {'external_urls': {'spotify': 'https://open.spotify.com/artist/2fMqTqiTxUDlmcOEPaQSsx'}, 'href': 'https://api.spotify.com/v1/artists/2fMqTqiTxUDlmcOEPaQSsx', 'id': '2fMqTqiTxUDlmcOEPaQSsx', 'name': 'Amitabh Bhattacharya', 'type': 'artist', 'uri': 'spotify:artist:2fMqTqiTxUDlmcOEPaQSsx'}]",261702,1hA697u7e1jX2XM8sWA6Uy,Apna Bana Le,1pw0xzpe4O0OMohBwau50L,5,Bhediya (Original Motion Picture Soundtrack),2022-12-06,"[{'external_urls': {'spotify': 'https://open.spotify.com/artist/1mBydYMVBECdDmMfE2sEUO'}, 'href': 'https://api.spotify.com/v1/artists/1mBydYMVBECdDmMfE2sEUO', 'id': '1mBydYMVBECdDmMfE2sEUO', 'name': 'Sachin-Jigar', 'type': 'artist', 'uri': 'spotify:artist:1mBydYMVBECdDmMfE2sEUO'}]",Sachin-Jigar,1mBydYMVBECdDmMfE2sEUO,both
"[{'external_urls': {'spotify': 'https://open.spotify.com/artist/1wRPtKGflJrBx9BmLsSwlU'}, 'href': 'https://api.spotify.com/v1/artists/1wRPtKGflJrBx9BmLsSwlU', 'id': '1wRPtKGflJrBx9BmLsSwlU', 'name': 'Pritam', 'type': 'artist', 'uri': 'spotify:artist:1wRPtKGflJrBx9BmLsSwlU'}, {'external_urls': {'spotify': 'https://open.spotify.com/artist/4YRxDV8wJFPHPTeXepOstw'}, 'href': 'https://api.spotify.com/v1/artists/4YRxDV8wJFPHPTeXepOstw', 'id': '4YRxDV8wJFPHPTeXepOstw', 'name': 'Arijit Singh', 'type': 'artist', 'uri': 'spotify:artist:4YRxDV8wJFPHPTeXepOstw'}, {'external_urls': {'spotify': 'https://open.spotify.com/artist/4q7O0NIvhz0G1IgyfOmdcz'}, 'href': 'https://api.spotify.com/v1/artists/4q7O0NIvhz0G1IgyfOmdcz', 'id': '4q7O0NIvhz0G1IgyfOmdcz', 'name': 'Swanand Kirkire', 'type': 'artist', 'uri': 'spotify:artist:4q7O0NIvhz0G1IgyfOmdcz'}, {'external_urls': {'spotify': 'https://open.spotify.com/artist/7pauOFC9bRqioSX30AvNkG'}, 'href': 'https://api.spotify.com/v1/artists/7pauOFC9bRqioSX30AvNkG', 'id': '7pauOFC9bRqioSX30AvNkG', 'name': 'IP Singh', 'type': 'artist', 'uri': 'spotify:artist:7pauOFC9bRqioSX30AvNkG'}]",222997,2pIoyDWZV5OSW0xd6n41xV,Lutt Putt Gaya,6mOSDGo8ZREISAbaiTMW5J,8,Dunki,2023-12-20,"[{'external_urls': {'spotify': 'https://open.spotify.com/artist/1wRPtKGflJrBx9BmLsSwlU'}, 'href': 'https://api.spotify.com/v1/artists/1wRPtKGflJrBx9BmLsSwlU', 'id': '1wRPtKGflJrBx9BmLsSwlU', 'name': 'Pritam', 'type': 'artist', 'uri': 'spotify:artist:1wRPtKGflJrBx9BmLsSwlU'}]",Pritam,1wRPtKGflJrBx9BmLsSwlU,both
